Record Id,Old Attachment Id,Attachment Owner.id,Modified By.id,Created By.id,Created Time,Modified Time,File Name,Size,Parent.id,Record Status,Documents,Link URL,Field.id
9a9ov4f2c322cef754192a15582a80544c1c8_c4ff24e0-02ff-4ad4-b1b6-6f68162c2b22.jpg,zcrm_361303000002166028,zcrm_361303000000269001,zcrm_361303000000269001,zcrm_361303000000269001,2022-08-19 10:15:16,2022-08-19 10:15:16,c4ff24e0-02ff-4ad4-b1b6-6f68162c2b22.jpg,33596,zcrm_361303000002166027,1,false,,
9oprmc9ef4043af9a4aa38c8beb8982463bb3_3a8b2dc3-d704-4354-956a-e879faff4495.jpg,zcrm_361303000002280005,zcrm_361303000000269001,zcrm_361303000000269001,zcrm_361303000000269001,2022-09-22 09:30:06,2022-09-22 09:30:06,3a8b2dc3-d704-4354-956a-e879faff4495.jpg,418886,zcrm_361303000002280004,1,false,,
9oprma076a723ed0d46ebbca1e69e889d610c_10390965-df56-41c6-a540-21aebae64a4c.jpg,zcrm_361303000002280016,zcrm_361303000000269001,zcrm_361303000000269001,zcrm_361303000000269001,2022-09-22 09:30:52,2022-09-22 09:30:52,10390965-df56-41c6-a540-21aebae64a4c.jpg,429283,zcrm_361303000002280015,1,false,,
9pplr6cf47981c0134f23abfb94d052e9512b_a1e7bd51-7847-49c5-8dd5-e33ec4e339fd.jpg,zcrm_361303000002304059,zcrm_361303000000269001,zcrm_361303000000269001,zcrm_361303000000269001,2022-09-28 04:22:34,2022-09-28 04:22:34,a1e7bd51-7847-49c5-8dd5-e33ec4e339fd.jpg,237864,zcrm_361303000002304058,1,false,,
9pplr6dc62caa5101458d9916cd681cd5821f_67048a0a-69c2-48f4-a481-b0093f8224a6.jpg,zcrm_361303000002304070,zcrm_361303000000269001,zcrm_361303000000269001,zcrm_361303000000269001,2022-09-28 04:23:09,2022-09-28 04:23:09,67048a0a-69c2-48f4-a481-b0093f8224a6.jpg,232596,zcrm_361303000002304069,1,false,,
9pplre541303db7944c398eae39d8e712a8c7_367f9ca8-4245-4ee1-a391-0aa5240e4efe.jpg,zcrm_361303000002304081,zcrm_361303000000269001,zcrm_361303000000269001,zcrm_361303000000269001,2022-09-28 04:23:41,2022-09-28 04:23:41,367f9ca8-4245-4ee1-a391-0aa5240e4efe.jpg,251359,zcrm_361303000002304080,1,false,,
9pplr2d265db94da74867a2d7b07bec687bae_f7eccb06-37a5-4f33-bc96-afe861966bea.jpg,zcrm_361303000002304092,zcrm_361303000000269001,zcrm_361303000000269001,zcrm_361303000000269001,2022-09-28 04:33:56,2022-09-28 04:33:56,f7eccb06-37a5-4f33-bc96-afe861966bea.jpg,377365,zcrm_361303000002304091,1,false,,
9pplra62e5455cc6c4163aae977c9c4c4eee0_3466a374-b134-4723-97d8-a15beac0f967.jpg,zcrm_361303000002304103,zcrm_361303000000269001,zcrm_361303000000269001,zcrm_361303000000269001,2022-09-28 04:34:16,2022-09-28 04:34:16,3466a374-b134-4723-97d8-a15beac0f967.jpg,632250,zcrm_361303000002304102,1,false,,
9pplr4d2f6d2d333c4a46b10c40e0070bacf8_c06c20d8-6478-47a1-8414-61be9b83274a.jpg,zcrm_361303000002304114,zcrm_361303000000269001,zcrm_361303000000269001,zcrm_361303000000269001,2022-09-28 04:34:32,2022-09-28 04:34:32,c06c20d8-6478-47a1-8414-61be9b83274a.jpg,649417,zcrm_361303000002304113,1,false,,
9sg8gafb37929ead547db97a05cb381340d45_8fed90d0-4cf4-4f4a-b531-fe04d72d2e39.jpg,zcrm_361303000002320023,zcrm_361303000000269001,zcrm_361303000000269001,zcrm_361303000000269001,2022-09-30 04:05:08,2022-09-30 04:05:08,8fed90d0-4cf4-4f4a-b531-fe04d72d2e39.jpg,486289,zcrm_361303000002320022,1,false,,
9sg8gd6f5562ee1854e639b366003511566d5_93dc3dd9-d58d-4c7b-8085-a9cdb399effe.jpg,zcrm_361303000002320034,zcrm_361303000000269001,zcrm_361303000000269001,zcrm_361303000000269001,2022-09-30 04:05:27,2022-09-30 04:05:27,93dc3dd9-d58d-4c7b-8085-a9cdb399effe.jpg,557646,zcrm_361303000002320033,1,false,,
9sg8g9dc748ed5eaa40e1b7c78cfdf845a2bf_EntityImageAttach.jpg,zcrm_361303000002320045,zcrm_361303000000269001,zcrm_361303000000269001,zcrm_361303000000269001,2022-09-30 04:07:33,2022-09-30 04:07:33,EntityImageAttach.jpg,305849,zcrm_361303000002320044,1,false,,
9sg8g17ed7d7a347b4257bdb319a70a76e96a_EntityImageAttach-1.jpg,zcrm_361303000002320056,zcrm_361303000000269001,zcrm_361303000000269001,zcrm_361303000000269001,2022-09-30 04:08:02,2022-09-30 04:08:02,EntityImageAttach-1.jpg,267252,zcrm_361303000002320055,1,false,,
3ju68012f95f512ac4faaaeaa97f7a685cc49_25add91b-af59-4522-bc20-4a35c8fb98b7.jpg,zcrm_361303000002355004,zcrm_361303000000269001,zcrm_361303000000269001,zcrm_361303000000269001,2022-10-11 10:26:01,2022-10-11 10:26:01,25add91b-af59-4522-bc20-4a35c8fb98b7.jpg,216757,zcrm_361303000002355003,1,false,,
3ju68254c7b87087a42da815e941a93bdc909_48579ed9-11a6-4173-8672-ab352bf490f8.jpg,zcrm_361303000002355015,zcrm_361303000000269001,zcrm_361303000000269001,zcrm_361303000000269001,2022-10-11 10:26:46,2022-10-11 10:26:46,48579ed9-11a6-4173-8672-ab352bf490f8.jpg,224663,zcrm_361303000002355014,1,false,,
3ju6832cbdb9c382749b9ae79634ca7a299ed_7cb0647d-c61d-45b1-a606-d5d609d0b80a.jpg,zcrm_361303000002355026,zcrm_361303000000269001,zcrm_361303000000269001,zcrm_361303000000269001,2022-10-11 10:27:24,2022-10-11 10:27:24,7cb0647d-c61d-45b1-a606-d5d609d0b80a.jpg,189183,zcrm_361303000002355025,1,false,,
"3ju68271f644760f0420a8176e40d98cca15b_Ban Huay Keaw lang, at the Tap.jpg",zcrm_361303000002355079,zcrm_361303000000269001,zcrm_361303000000269001,zcrm_361303000000269001,2022-10-11 10:35:44,2022-10-11 10:35:44,"Ban Huay Keaw lang, at the Tap.jpg",301271,zcrm_361303000002355078,1,false,,
"3ju68813fed7891c845c7b104f1ca383f3bf3_Ban Huay Keaw Lang, Water source.jpg",zcrm_361303000002355090,zcrm_361303000000269001,zcrm_361303000000269001,zcrm_361303000000269001,2022-10-11 10:36:26,2022-10-11 10:36:26,"Ban Huay Keaw Lang, Water source.jpg",295336,zcrm_361303000002355089,1,false,,
"3ju684420a6ee3d7b42768810a70033b2a027_Ban Huay Keaw Lang, after filter tank.jpg",zcrm_361303000002355101,zcrm_361303000000269001,zcrm_361303000000269001,zcrm_361303000000269001,2022-10-11 10:37:07,2022-10-11 10:37:07,"Ban Huay Keaw Lang, after filter tank.jpg",276416,zcrm_361303000002355100,1,false,,
9yp3z9b55c460add146f69ef42bcc12164e43_99436c68-ac81-4be6-9c55-e6b9a12e8c32.jpg,zcrm_361303000002378004,zcrm_361303000000269001,zcrm_361303000000269001,zcrm_361303000000269001,2022-10-21 08:23:52,2022-10-21 08:23:52,99436c68-ac81-4be6-9c55-e6b9a12e8c32.jpg,553018,zcrm_361303000002378003,1,false,,
9yp3z7235235ed81c4e53a369d644be222b86_448c9518-6036-4f5e-ba77-caee5cf0347a.jpg,zcrm_361303000002378015,zcrm_361303000000269001,zcrm_361303000000269001,zcrm_361303000000269001,2022-10-21 08:24:22,2022-10-21 08:24:22,448c9518-6036-4f5e-ba77-caee5cf0347a.jpg,561868,zcrm_361303000002378014,1,false,,
9yp3z456a15fb0d274fbdae6a3f5fb0b0fd9e_8e8e4bb5-008b-4228-bbb1-4f29da047dfe.jpg,zcrm_361303000002378026,zcrm_361303000000269001,zcrm_361303000000269001,zcrm_361303000000269001,2022-10-21 08:24:44,2022-10-21 08:24:44,8e8e4bb5-008b-4228-bbb1-4f29da047dfe.jpg,529066,zcrm_361303000002378025,1,false,,
9yp3z8d6b82067f6d41f4b35aac704ca045ce_da0a6875-04f4-407f-9f37-69e8375b0320.jpg,zcrm_361303000002378037,zcrm_361303000000269001,zcrm_361303000000269001,zcrm_361303000000269001,2022-10-21 08:25:50,2022-10-21 08:25:50,da0a6875-04f4-407f-9f37-69e8375b0320.jpg,529540,zcrm_361303000002378036,1,false,,
9yp3z3cbefacac84544bc872489d2a42f75d0_9cd91f19-1c7f-47af-a42b-a74538ced646.jpg,zcrm_361303000002378048,zcrm_361303000000269001,zcrm_361303000000269001,zcrm_361303000000269001,2022-10-21 08:26:14,2022-10-21 08:26:14,9cd91f19-1c7f-47af-a42b-a74538ced646.jpg,524014,zcrm_361303000002378047,1,false,,
9yp3z795ccdbd25f946b3a1b6af94da6a5347_29345857-9bd7-4765-b4aa-bc1462f012c9.jpg,zcrm_361303000002378059,zcrm_361303000000269001,zcrm_361303000000269001,zcrm_361303000000269001,2022-10-21 08:26:42,2022-10-21 08:26:42,29345857-9bd7-4765-b4aa-bc1462f012c9.jpg,508676,zcrm_361303000002378058,1,false,,
9ywmq18b94780f14143a4b8b52e9daa5deb85_cbf09f93-3254-4d4c-8ab9-cda54638c139.jpg,zcrm_361303000002388046,zcrm_361303000000269001,zcrm_361303000000269001,zcrm_361303000000269001,2022-10-25 09:55:47,2022-10-25 09:55:47,cbf09f93-3254-4d4c-8ab9-cda54638c139.jpg,542878,zcrm_361303000002388045,1,false,,
9ywmqd484486e6694494b85ad53480c617f22_ea83dd8a-95c0-4829-a48a-22ab6aa8128a.jpg,zcrm_361303000002388057,zcrm_361303000000269001,zcrm_361303000000269001,zcrm_361303000000269001,2022-10-25 09:56:21,2022-10-25 09:56:21,ea83dd8a-95c0-4829-a48a-22ab6aa8128a.jpg,558933,zcrm_361303000002388056,1,false,,
9ywmq41ee8aae86104dc78ea96dfa674cc4f6_61746aea-90ca-473e-89d0-a7c6adb272c6.jpg,zcrm_361303000002388068,zcrm_361303000000269001,zcrm_361303000000269001,zcrm_361303000000269001,2022-10-25 09:56:53,2022-10-25 09:56:53,61746aea-90ca-473e-89d0-a7c6adb272c6.jpg,571633,zcrm_361303000002388067,1,false,,
9ywmq7f51f6fc161b4534ad6ec2d08f535f66_38a29cff-ff51-422a-8fb6-66231401c240.jpg,zcrm_361303000002388079,zcrm_361303000000269001,zcrm_361303000000269001,zcrm_361303000000269001,2022-10-25 09:58:36,2022-10-25 09:58:36,38a29cff-ff51-422a-8fb6-66231401c240.jpg,576268,zcrm_361303000002388078,1,false,,
9ywmq3309f73a4eb141c585c4cbffdf73521a_1c818080-3bb0-4fe6-9198-8f04829cc40d.jpg,zcrm_361303000002388090,zcrm_361303000000269001,zcrm_361303000000269001,zcrm_361303000000269001,2022-10-25 09:59:05,2022-10-25 09:59:05,1c818080-3bb0-4fe6-9198-8f04829cc40d.jpg,588998,zcrm_361303000002388089,1,false,,
9ywmq8e497aa002834fdeb73681fc2596f903_2ca4a86e-122b-4647-9e55-e46ff16fdf0d.jpg,zcrm_361303000002388101,zcrm_361303000000269001,zcrm_361303000000269001,zcrm_361303000000269001,2022-10-25 09:59:37,2022-10-25 09:59:37,2ca4a86e-122b-4647-9e55-e46ff16fdf0d.jpg,624958,zcrm_361303000002388100,1,false,,
9ywmq32e18f70e9cb44949c5238b742037477_5363414b-9eb9-47c6-aba1-342acf5a7f2c.jpg,zcrm_361303000002388112,zcrm_361303000000269001,zcrm_361303000000269001,zcrm_361303000000269001,2022-10-25 10:00:46,2022-10-25 10:00:46,5363414b-9eb9-47c6-aba1-342acf5a7f2c.jpg,594961,zcrm_361303000002388111,1,false,,
9ywmq1515ea5ac1eb4d81a9c3ae912316e3d4_00c99c77-9a9d-4939-9e96-4a8c71b9f8ea.jpg,zcrm_361303000002388123,zcrm_361303000000269001,zcrm_361303000000269001,zcrm_361303000000269001,2022-10-25 10:01:10,2022-10-25 10:01:10,00c99c77-9a9d-4939-9e96-4a8c71b9f8ea.jpg,578737,zcrm_361303000002388122,1,false,,
a00g4fded98ed1dac4279b4dab964ca809112_69508b37-cf4a-4d33-8134-b14288106b54.jpg,zcrm_361303000002397004,zcrm_361303000000269001,zcrm_361303000000269001,zcrm_361303000000269001,2022-10-31 13:23:51,2022-10-31 13:23:51,69508b37-cf4a-4d33-8134-b14288106b54.jpg,590591,zcrm_361303000002397003,1,false,,
a00g4309c58b148834cae8dee2a9ff2b1c5f1_e8c68d81-188a-4c33-ae3a-3df84dd9e814.jpg,zcrm_361303000002397015,zcrm_361303000000269001,zcrm_361303000000269001,zcrm_361303000000269001,2022-10-31 13:48:11,2022-10-31 13:48:11,e8c68d81-188a-4c33-ae3a-3df84dd9e814.jpg,566664,zcrm_361303000002397014,1,false,,
a00g45f1795e7e0554c9a96b65982e8655c53_576ed74a-cfcd-42a3-8bb1-f0dd73703b7b.jpg,zcrm_361303000002397026,zcrm_361303000000269001,zcrm_361303000000269001,zcrm_361303000000269001,2022-10-31 13:48:37,2022-10-31 13:48:37,576ed74a-cfcd-42a3-8bb1-f0dd73703b7b.jpg,603760,zcrm_361303000002397025,1,false,,
a00g47d6fa2c2e90a492baa6d5b3d41824e3b_af150303-ee62-4dc8-b077-4398f220f07e.jpg,zcrm_361303000002397037,zcrm_361303000000269001,zcrm_361303000000269001,zcrm_361303000000269001,2022-10-31 13:49:39,2022-10-31 13:49:39,af150303-ee62-4dc8-b077-4398f220f07e.jpg,598610,zcrm_361303000002397036,1,false,,
a00g4862d26683158473191dbf91dd5622ff2_e631adb5-404a-4e09-bde8-03bbd17adf82.jpg,zcrm_361303000002397048,zcrm_361303000000269001,zcrm_361303000000269001,zcrm_361303000000269001,2022-10-31 13:49:59,2022-10-31 13:49:59,e631adb5-404a-4e09-bde8-03bbd17adf82.jpg,587154,zcrm_361303000002397047,1,false,,
a00g4279e088f6d944634b818437fc6bde8f1_80d46473-3c6b-427f-967c-353d5f8d8e88.jpg,zcrm_361303000002397059,zcrm_361303000000269001,zcrm_361303000000269001,zcrm_361303000000269001,2022-10-31 13:50:10,2022-10-31 13:50:10,80d46473-3c6b-427f-967c-353d5f8d8e88.jpg,593791,zcrm_361303000002397058,1,false,,
a00g411c61e9acd1f42e48957f4f98246c853_20502416-f207-4585-ae3a-5bc54c608436.jpg,zcrm_361303000002397070,zcrm_361303000000269001,zcrm_361303000000269001,zcrm_361303000000269001,2022-10-31 13:51:22,2022-10-31 13:51:22,20502416-f207-4585-ae3a-5bc54c608436.jpg,564000,zcrm_361303000002397069,1,false,,
a00g41ee12daa46534659954e792c8645fdb7_1f3f88dc-b53f-4c23-8bf6-0dad2fe4d82e.jpg,zcrm_361303000002397081,zcrm_361303000000269001,zcrm_361303000000269001,zcrm_361303000000269001,2022-10-31 13:51:49,2022-10-31 13:51:49,1f3f88dc-b53f-4c23-8bf6-0dad2fe4d82e.jpg,550470,zcrm_361303000002397080,1,false,,
a00g4b5fb921a3db343aba2e42e5e508a3682_5a4ce9f0-4132-48e8-b40d-ec9583f2a144.jpg,zcrm_361303000002397092,zcrm_361303000000269001,zcrm_361303000000269001,zcrm_361303000000269001,2022-10-31 13:52:01,2022-10-31 13:52:01,5a4ce9f0-4132-48e8-b40d-ec9583f2a144.jpg,552645,zcrm_361303000002397091,1,false,,
a00g4c5944863cc06408bbe629d86ce41ac60_490e5c82-f6c5-4695-b240-0cbf7e3c6191.jpg,zcrm_361303000002397103,zcrm_361303000000269001,zcrm_361303000000269001,zcrm_361303000000269001,2022-10-31 13:53:16,2022-10-31 13:53:16,490e5c82-f6c5-4695-b240-0cbf7e3c6191.jpg,560914,zcrm_361303000002397102,1,false,,
a00g4b1e95ed28da94b75be0bda6065aa2b6d_4bf503a8-da21-4a86-ac0c-c0d309e1204f.jpg,zcrm_361303000002397114,zcrm_361303000000269001,zcrm_361303000000269001,zcrm_361303000000269001,2022-10-31 13:54:05,2022-10-31 13:54:05,4bf503a8-da21-4a86-ac0c-c0d309e1204f.jpg,555395,zcrm_361303000002397113,1,false,,
a00g46cb1fa2bea164908a5769bb2e6052b43_97c50e9c-24f0-4e5e-87b9-7e301a7f7a21.jpg,zcrm_361303000002397125,zcrm_361303000000269001,zcrm_361303000000269001,zcrm_361303000000269001,2022-10-31 13:54:25,2022-10-31 13:54:25,97c50e9c-24f0-4e5e-87b9-7e301a7f7a21.jpg,603834,zcrm_361303000002397124,1,false,,
a00g45e6eb699b1f5414c8ce7a6c86a178e05_871f8164-3b4d-43fc-9a57-63165d355a50.jpg,zcrm_361303000002397136,zcrm_361303000000269001,zcrm_361303000000269001,zcrm_361303000000269001,2022-10-31 13:55:40,2022-10-31 13:55:40,871f8164-3b4d-43fc-9a57-63165d355a50.jpg,590577,zcrm_361303000002397135,1,false,,
a00g41d326f764c964981841f40ada5532a8d_f9c38113-cb25-4dac-a7f3-d3e36380ad21.jpg,zcrm_361303000002397147,zcrm_361303000000269001,zcrm_361303000000269001,zcrm_361303000000269001,2022-10-31 13:55:56,2022-10-31 13:55:56,f9c38113-cb25-4dac-a7f3-d3e36380ad21.jpg,592347,zcrm_361303000002397146,1,false,,
a00g4aca3047f5e10406189729b02fb61d130_60b8f0a3-56f5-4630-b629-63b39e5c977c.jpg,zcrm_361303000002397158,zcrm_361303000000269001,zcrm_361303000000269001,zcrm_361303000000269001,2022-10-31 13:56:08,2022-10-31 13:56:08,60b8f0a3-56f5-4630-b629-63b39e5c977c.jpg,566060,zcrm_361303000002397157,1,false,,
a00g4a0ce05e1e20941f8b9c6e1b0c01a0923_47e86875-7327-413b-979b-fed7bc2c3e27.jpg,zcrm_361303000002397169,zcrm_361303000000269001,zcrm_361303000000269001,zcrm_361303000000269001,2022-10-31 13:57:40,2022-10-31 13:57:40,47e86875-7327-413b-979b-fed7bc2c3e27.jpg,549115,zcrm_361303000002397168,1,false,,
a00g47a4832775ae244fe883fc38ec9152fa9_533eb8c2-ab0b-4a3a-a222-09832cdef241.jpg,zcrm_361303000002397180,zcrm_361303000000269001,zcrm_361303000000269001,zcrm_361303000000269001,2022-10-31 13:58:00,2022-10-31 13:58:00,533eb8c2-ab0b-4a3a-a222-09832cdef241.jpg,592888,zcrm_361303000002397179,1,false,,
a00g423b854fa934c483095b585be5b8a6fd9_6e7c2d01-8f5f-49e0-bc8f-794986200575.jpg,zcrm_361303000002397191,zcrm_361303000000269001,zcrm_361303000000269001,zcrm_361303000000269001,2022-10-31 13:58:12,2022-10-31 13:58:12,6e7c2d01-8f5f-49e0-bc8f-794986200575.jpg,579215,zcrm_361303000002397190,1,false,,
a00g48d0a442a09f24bcd86574ee866bf6f59_82d0909a-514c-462e-96a3-a6d91b444652-1.jpg,zcrm_361303000002397202,zcrm_361303000000269001,zcrm_361303000000269001,zcrm_361303000000269001,2022-10-31 14:00:38,2022-10-31 14:00:38,82d0909a-514c-462e-96a3-a6d91b444652-1.jpg,550327,zcrm_361303000002397201,1,false,,
a00g4035fa27ba6764c318aca698dbb9790d1_cbc04c5c-6804-45dd-973b-aee7e5454850.jpg,zcrm_361303000002397213,zcrm_361303000000269001,zcrm_361303000000269001,zcrm_361303000000269001,2022-10-31 14:00:54,2022-10-31 14:00:54,cbc04c5c-6804-45dd-973b-aee7e5454850.jpg,551111,zcrm_361303000002397212,1,false,,
a00g443dbc9f5c5814814823855faf51015ba_d7fa027e-913f-4b96-ab11-b39bf7babc43.jpg,zcrm_361303000002397224,zcrm_361303000000269001,zcrm_361303000000269001,zcrm_361303000000269001,2022-10-31 14:01:06,2022-10-31 14:01:06,d7fa027e-913f-4b96-ab11-b39bf7babc43.jpg,608730,zcrm_361303000002397223,1,false,,
a00g4ea5ce3f83de24f2c8f5c9c880a36a758_b50b905c-f9cd-46da-b636-c75eb37e05ea.jpg,zcrm_361303000002397235,zcrm_361303000000269001,zcrm_361303000000269001,zcrm_361303000000269001,2022-10-31 14:02:57,2022-10-31 14:02:57,b50b905c-f9cd-46da-b636-c75eb37e05ea.jpg,591627,zcrm_361303000002397234,1,false,,
a00g40f7eac0633eb459b9c08018bc289376e_d9b88a0a-3d83-43ce-b08f-73d9dfcf999e.jpg,zcrm_361303000002397246,zcrm_361303000000269001,zcrm_361303000000269001,zcrm_361303000000269001,2022-10-31 14:11:06,2022-10-31 14:11:06,d9b88a0a-3d83-43ce-b08f-73d9dfcf999e.jpg,342406,zcrm_361303000002397245,1,false,,
a00g478fd1af92a454cf3a77963a09db46afa_ca44bd0a-7e1f-47a6-aebc-7cad439b767b.jpg,zcrm_361303000002397257,zcrm_361303000000269001,zcrm_361303000000269001,zcrm_361303000000269001,2022-10-31 14:11:25,2022-10-31 14:11:25,ca44bd0a-7e1f-47a6-aebc-7cad439b767b.jpg,309932,zcrm_361303000002397256,1,false,,
b5cpg4982fa3b807441ad84b63cdd400c5440_05775d35-a01f-4f65-9950-962be9a8a4ce.jpg,zcrm_361303000002909088,zcrm_361303000000269001,zcrm_361303000000269001,zcrm_361303000000269001,2023-04-13 08:41:02,2023-04-13 08:41:02,05775d35-a01f-4f65-9950-962be9a8a4ce.jpg,74863,zcrm_361303000002909087,1,false,,
b5cpgb9a8af21b0764e5aa6def2be1ab1bcad_734ee884-7157-4776-839c-eb367e0a359d.jpg,zcrm_361303000002909099,zcrm_361303000000269001,zcrm_361303000000269001,zcrm_361303000000269001,2023-04-13 08:41:49,2023-04-13 08:41:49,734ee884-7157-4776-839c-eb367e0a359d.jpg,78165,zcrm_361303000002909098,1,false,,
bdvine0dab4e6df84474cb5587ad0bf1d73d4_Re_ Allocation codes .eml,zcrm_361303000003033589,zcrm_361303000000269001,zcrm_361303000000269001,zcrm_361303000000269001,2023-06-02 17:02:13,2023-06-02 17:02:13,Re_ Allocation codes .eml,277463,zcrm_361303000001463049,1,false,,
bdvin2446946d022f466481514fda76a50313_Water project proposal  Ban Mae La Ngew  January 2023.docx,zcrm_361303000003033595,zcrm_361303000000269001,zcrm_361303000000269001,zcrm_361303000000269001,2023-06-02 17:02:48,2023-06-02 17:02:48,Water project proposal  Ban Mae La Ngew  January 2023.docx,7297037,zcrm_361303000001463049,1,false,,
bdvin9e2f8a82f9224bb6ae2285e119207a94_Fillter tank Ban  Mae La Ngew January 2023.png,zcrm_361303000003033597,zcrm_361303000000269001,zcrm_361303000000269001,zcrm_361303000000269001,2023-06-02 17:02:48,2023-06-02 17:02:48,Fillter tank Ban  Mae La Ngew January 2023.png,3277945,zcrm_361303000001463049,1,false,,
bdvined63ea0cbad54bd3a0da9b1e7c3674d5_KHT - Holistic Community Development 2022.pdf,zcrm_361303000003033604,zcrm_361303000000269001,zcrm_361303000000269001,zcrm_361303000000269001,2023-06-02 17:03:31,2023-06-02 17:03:31,KHT - Holistic Community Development 2022.pdf,614408,zcrm_361303000001463049,1,false,,
5wz01252eac350d4345f984c9295a0351dc58_The Karen Hilltribes Trust lrrigation Project Proposal Ban Mae Laep December 2022 (2).docx,zcrm_361303000003041506,zcrm_361303000000269001,zcrm_361303000000269001,zcrm_361303000000269001,2023-06-05 16:23:15,2023-06-05 16:23:15,The Karen Hilltribes Trust lrrigation Project Proposal Ban Mae Laep December 2022 (2).docx,3914241,zcrm_361303000001463197,1,false,,
5wz016de52f9d15b0409790bba5ca63bd8a94_The Karen Hilltribes Trust lrrigation Project Proposal Ban Mae Ja November 2022 (1).docx,zcrm_361303000003041512,zcrm_361303000000269001,zcrm_361303000000269001,zcrm_361303000000269001,2023-06-05 16:24:05,2023-06-05 16:24:05,The Karen Hilltribes Trust lrrigation Project Proposal Ban Mae Ja November 2022 (1).docx,3977048,zcrm_361303000001463001,1,false,,
5wz01f07d7626d88b4a80a6e334a4f1de7e63_Fillter tank ban Hua  Mae ka Ka  November 2023.jpg,zcrm_361303000003041518,zcrm_361303000000269001,zcrm_361303000000269001,zcrm_361303000000269001,2023-06-05 16:25:11,2023-06-05 16:25:11,Fillter tank ban Hua  Mae ka Ka  November 2023.jpg,3281373,zcrm_361303000001463017,1,false,,
5wz01bb33c6883c9a47d8b7d482bf48f82ca4_The Karen Hilltribes Trust Water Project Proposal Ban Hua Mae La ka November 2022 (2).docx,zcrm_361303000003041520,zcrm_361303000000269001,zcrm_361303000000269001,zcrm_361303000000269001,2023-06-05 16:25:11,2023-06-05 16:25:11,The Karen Hilltribes Trust Water Project Proposal Ban Hua Mae La ka November 2022 (2).docx,7228618,zcrm_361303000001463017,1,false,,
5wz01c58563cd5f794a9b8f533ee311209239_The  Karen  Hilltribes  Trust lrrigation Project Proposal Ban Huay Mai Dam February 2023.docx,zcrm_361303000003041973,zcrm_361303000000269001,zcrm_361303000000269001,zcrm_361303000000269001,2023-06-05 17:23:23,2023-06-05 17:23:23,The  Karen  Hilltribes  Trust lrrigation Project Proposal Ban Huay Mai Dam February 2023.docx,4082317,zcrm_361303000001463229,1,false,,
5wz0119ccaeffae7147798875f61a14288e09_Ban Huay Pong Irrigation project  May 2023.docx,zcrm_361303000003056027,zcrm_361303000000269001,zcrm_361303000000269001,zcrm_361303000000269001,2023-06-05 17:34:34,2023-06-05 17:34:34,Ban Huay Pong Irrigation project  May 2023.docx,7585017,zcrm_361303000001463277,1,false,,
5wz01f476c421532c4043afc88570735d1692_KHT - MYTWO Proposal May 2022.pdf,zcrm_361303000003058150,zcrm_361303000000269001,zcrm_361303000000269001,zcrm_361303000000269001,2023-06-06 13:59:45,2023-06-06 13:59:45,KHT - MYTWO Proposal May 2022.pdf,614589,zcrm_361303000001463065,1,false,,
5wz010c20f8d7cccb46ada45cac1783dd3c2d_Fillter Ban Huay Mai Dam February 2023.docx,zcrm_361303000003058152,zcrm_361303000000269001,zcrm_361303000000269001,zcrm_361303000000269001,2023-06-06 13:59:45,2023-06-06 13:59:45,Fillter Ban Huay Mai Dam February 2023.docx,969498,zcrm_361303000001463065,1,false,,
5wz01cdc1338e9a5f493a8e2002bbde8e4496_The  Karen  Hilltribes  Trust Water Project Proposal Ban Huag Mai Dam February 2023 (1).docx,zcrm_361303000003058154,zcrm_361303000000269001,zcrm_361303000000269001,zcrm_361303000000269001,2023-06-06 13:59:45,2023-06-06 13:59:45,The  Karen  Hilltribes  Trust Water Project Proposal Ban Huag Mai Dam February 2023 (1).docx,12430152,zcrm_361303000001463065,1,false,,
5wz016860c51ff4c1463cb6224864541382e5_Ban Thuan  March 2023 (1).docx,zcrm_361303000003058162,zcrm_361303000000269001,zcrm_361303000000269001,zcrm_361303000000269001,2023-06-06 14:01:25,2023-06-06 14:01:25,Ban Thuan  March 2023 (1).docx,12459097,zcrm_361303000001463117,1,false,,
5wz019aaf7e382a9b4bcabcd6ea8329843174_filter estimate march 2023.jpg,zcrm_361303000003058164,zcrm_361303000000269001,zcrm_361303000000269001,zcrm_361303000000269001,2023-06-06 14:01:25,2023-06-06 14:01:25,filter estimate march 2023.jpg,216003,zcrm_361303000001463117,1,false,,
5wz010c0e9b50eef349d78dfb14489152906e_FILE FORM JAN & OSCAR KHT APPLICATION APRIL 2022.doc,zcrm_361303000003058213,zcrm_361303000000269001,zcrm_361303000000269001,zcrm_361303000000269001,2023-06-06 14:04:35,2023-06-06 14:04:35,FILE FORM JAN & OSCAR KHT APPLICATION APRIL 2022.doc,5599232,zcrm_361303000001463117,1,false,,
5wz01ed81de005e9944a29c0299e9d5203842_RCF Application Form - July 2022.pdf,zcrm_361303000003058463,zcrm_361303000000269001,zcrm_361303000000269001,zcrm_361303000000269001,2023-06-06 14:51:26,2023-06-06 14:51:26,RCF Application Form - July 2022.pdf,400077,zcrm_361303000001463133,1,false,,
5wz01cbff70d5ffb2438494cadc076a73406c_Water Project Proposal Ban Eh Vee Jo April 2023 (1).docx,zcrm_361303000003058465,zcrm_361303000000269001,zcrm_361303000000269001,zcrm_361303000000269001,2023-06-06 14:51:26,2023-06-06 14:51:26,Water Project Proposal Ban Eh Vee Jo April 2023 (1).docx,13990904,zcrm_361303000001463133,1,false,,
5rgjd5d37d44345a34a6fb18925f52b491acb_KHT Irrigation Report Genesis March 2023.pdf,zcrm_361303000003072006,zcrm_361303000000269001,zcrm_361303000000269001,zcrm_361303000000269001,2023-06-12 09:28:56,2023-06-12 09:28:56,KHT Irrigation Report Genesis March 2023.pdf,5002504,zcrm_361303000003072005,1,false,,
5rgjd45637596c3b3417e844ec6a736866a91_KHT Irrigation Report Genesis March 2023.pdf,zcrm_361303000003072017,zcrm_361303000000269001,zcrm_361303000000269001,zcrm_361303000000269001,2023-06-12 09:30:26,2023-06-12 09:30:26,KHT Irrigation Report Genesis March 2023.pdf,5002504,zcrm_361303000003072016,1,false,,
5rgjdf87a19865b5649289fa44d2bf0a76b37_WASH Report March 2022 - Christadelphian Fund.pdf,zcrm_361303000003072028,zcrm_361303000000269001,zcrm_361303000000269001,zcrm_361303000000269001,2023-06-12 09:43:43,2023-06-12 09:43:43,WASH Report March 2022 - Christadelphian Fund.pdf,4501627,zcrm_361303000003072027,1,false,,
5rgjd05a88234cef6480c902b0227df2b3ef3_WASH and Irrigation Report April 2023 - Ladderstream.pdf,zcrm_361303000003072039,zcrm_361303000000269001,zcrm_361303000000269001,zcrm_361303000000269001,2023-06-12 09:50:12,2023-06-12 09:50:12,WASH and Irrigation Report April 2023 - Ladderstream.pdf,4242594,zcrm_361303000003072038,1,false,,
5rgjdf05fdfb8d9f84894915c145e3b594d1c_WASH and Irrigation Report April 2023 - Ladderstream.pdf,zcrm_361303000003072050,zcrm_361303000000269001,zcrm_361303000000269001,zcrm_361303000000269001,2023-06-12 09:50:42,2023-06-12 09:50:42,WASH and Irrigation Report April 2023 - Ladderstream.pdf,4242594,zcrm_361303000003072049,1,false,,
5rgjdd2715addc4024821a98c796a11db36be_KHT Irrigation Report Evan Cornish May 2023.docx,zcrm_361303000003072061,zcrm_361303000000269001,zcrm_361303000000269001,zcrm_361303000000269001,2023-06-12 09:52:21,2023-06-12 09:52:21,KHT Irrigation Report Evan Cornish May 2023.docx,19409723,zcrm_361303000003072060,1,false,,
c4fgm1325a4d436b64d05861d67ebb5a96e4b_eeabf777-f8a6-4d52-8438-2c920c8ed1b3.jpg,zcrm_361303000003314004,zcrm_361303000000269001,zcrm_361303000000269001,zcrm_361303000000269001,2023-08-21 09:56:30,2023-08-21 09:56:30,eeabf777-f8a6-4d52-8438-2c920c8ed1b3.jpg,68315,zcrm_361303000003314003,1,false,,
c4fgm7328d72a9cf1404789dffebe5adeeadc_d7c28e19-6142-4a25-aeac-9a38f9fd9973.jpg,zcrm_361303000003314015,zcrm_361303000000269001,zcrm_361303000000269001,zcrm_361303000000269001,2023-08-21 09:58:19,2023-08-21 09:58:19,d7c28e19-6142-4a25-aeac-9a38f9fd9973.jpg,73549,zcrm_361303000003314014,1,false,,
c4fgmdd2fee3532404b469fce6e6a89c14ee4_6d6b43db-037f-470a-8b77-b83043116a7b.jpg,zcrm_361303000003314026,zcrm_361303000000269001,zcrm_361303000000269001,zcrm_361303000000269001,2023-08-21 10:24:24,2023-08-21 10:24:24,6d6b43db-037f-470a-8b77-b83043116a7b.jpg,69853,zcrm_361303000003314025,1,false,,
c4fgmefaeb6298c274687be35745389ab1ac1_8b9d80a8-6881-400f-8719-47620d140e1c.jpg,zcrm_361303000003314037,zcrm_361303000000269001,zcrm_361303000000269001,zcrm_361303000000269001,2023-08-21 10:24:57,2023-08-21 10:24:57,8b9d80a8-6881-400f-8719-47620d140e1c.jpg,73087,zcrm_361303000003314036,1,false,,
c4fgmd2a2369fcca84bd4addffb5f9f6e7afc_f86e41ba-bf84-40df-b454-8517ce4867a1.jpg,zcrm_361303000003314048,zcrm_361303000000269001,zcrm_361303000000269001,zcrm_361303000000269001,2023-08-21 10:25:46,2023-08-21 10:25:46,f86e41ba-bf84-40df-b454-8517ce4867a1.jpg,72887,zcrm_361303000003314047,1,false,,
c4fgm6e3bfa9995694e07a9af3b2d4655340d_9574eeca-2d61-4bfa-90f1-30826d757be5.jpg,zcrm_361303000003314059,zcrm_361303000000269001,zcrm_361303000000269001,zcrm_361303000000269001,2023-08-21 10:26:29,2023-08-21 10:26:29,9574eeca-2d61-4bfa-90f1-30826d757be5.jpg,75249,zcrm_361303000003314058,1,false,,
3fq5977ed03b0af004fb9a11c5c0174cc5e6f_6b69d563-9c9f-4a15-96b7-86fc197dafa6.jpg,zcrm_361303000003330015,zcrm_361303000000269001,zcrm_361303000000269001,zcrm_361303000000269001,2023-08-29 10:15:20,2023-08-29 10:15:20,6b69d563-9c9f-4a15-96b7-86fc197dafa6.jpg,66082,zcrm_361303000003330014,1,false,,
3fq592f4515bcd66044cbb045aed8392e7aca_21b472e0-753f-4953-9e7a-ee7a8930035c.jpg,zcrm_361303000003330027,zcrm_361303000000269001,zcrm_361303000000269001,zcrm_361303000000269001,2023-08-29 10:16:09,2023-08-29 10:16:09,21b472e0-753f-4953-9e7a-ee7a8930035c.jpg,80639,zcrm_361303000003330003,1,false,,
c6ute47e9c00cd27648c39fb6983126a567ef_RCF Monitoring Form II v3.docx,zcrm_361303000003357040,zcrm_361303000000269001,zcrm_361303000000269001,zcrm_361303000000269001,2023-09-04 13:35:56,2023-09-04 13:35:56,RCF Monitoring Form II v3.docx,79335,zcrm_361303000003357039,1,false,,
92cm8e2f86aaa999b4c4190c8fb5db25c4911_b2738d68-7193-48ae-955c-2bb0b43c0e5a.jpg,zcrm_361303000003529025,zcrm_361303000000269001,zcrm_361303000000269001,zcrm_361303000000269001,2023-11-09 08:27:13,2023-11-09 08:27:13,b2738d68-7193-48ae-955c-2bb0b43c0e5a.jpg,68656,zcrm_361303000003529024,1,false,,
92cm82446433367684b53a9b0866fd158986b_62c7fc42-449d-4998-9d88-37ec4ba367c1.jpg,zcrm_361303000003529036,zcrm_361303000000269001,zcrm_361303000000269001,zcrm_361303000000269001,2023-11-09 08:28:32,2023-11-09 08:28:32,62c7fc42-449d-4998-9d88-37ec4ba367c1.jpg,68788,zcrm_361303000003529035,1,false,,
92cm8451f391a47e947b296c034031f457ddb_4396e19b-860d-43cd-bc87-febc88ba1004.jpg,zcrm_361303000003529047,zcrm_361303000000269001,zcrm_361303000000269001,zcrm_361303000000269001,2023-11-09 08:29:25,2023-11-09 08:29:25,4396e19b-860d-43cd-bc87-febc88ba1004.jpg,68352,zcrm_361303000003529046,1,false,,
2mykhc972f16e22b342b0a9ba964e86909dfb_Ban Mae Oom Long Noi - Water Project Proposal 2.docx,zcrm_361303000003681002,zcrm_361303000000269001,zcrm_361303000000269001,zcrm_361303000000269001,2024-01-11 07:32:07,2024-01-11 07:32:07,Ban Mae Oom Long Noi - Water Project Proposal 2.docx,9572357,zcrm_361303000003625013,1,false,,
2mykhc5cfbdc5ebe34a2f8b66098b4391e4b3_Ban Huay Ha Mai - Water Project Proposal.docx,zcrm_361303000003681008,zcrm_361303000000269001,zcrm_361303000000269001,zcrm_361303000000269001,2024-01-11 07:33:58,2024-01-11 07:33:58,Ban Huay Ha Mai - Water Project Proposal.docx,10134668,zcrm_361303000003472011,1,false,,
2mykh3ab6098e22ac423f8651b8768d2a4718_Ban Mae Hard (WASH).docx,zcrm_361303000003681014,zcrm_361303000000269001,zcrm_361303000000269001,zcrm_361303000000269001,2024-01-11 07:42:10,2024-01-11 07:42:10,Ban Mae Hard (WASH).docx,3265629,zcrm_361303000001463181,1,false,,
84szv14dd5de1a2be4460894e0d87ea2d1183_MicrosoftTeams-image - 2024-01-18T064028.414.png,zcrm_361303000003697256,zcrm_361303000000269001,zcrm_361303000000269001,zcrm_361303000000269001,2024-01-18 06:41:11,2024-01-18 06:41:11,MicrosoftTeams-image - 2024-01-18T064028.414.png,248067,zcrm_361303000003697255,1,false,,
84szv6148ab3d9c024786a8b9a9738bccdf22_MicrosoftTeams-image - 2024-01-18T063956.324.png,zcrm_361303000003697267,zcrm_361303000000269001,zcrm_361303000000269001,zcrm_361303000000269001,2024-01-18 06:41:36,2024-01-18 06:41:36,MicrosoftTeams-image - 2024-01-18T063956.324.png,234982,zcrm_361303000003697266,1,false,,
84szvd920cc4aff6e4684bcf64e4ab9955a4b_MicrosoftTeams-image (2).png,zcrm_361303000003704151,zcrm_361303000000269001,zcrm_361303000000269001,zcrm_361303000000269001,2024-01-18 07:50:14,2024-01-18 07:50:14,MicrosoftTeams-image (2).png,188043,zcrm_361303000003704150,1,false,,
84szv197208bd0a754541951857ff96d39f20_MicrosoftTeams-image - 2024-01-18T083858.842.png,zcrm_361303000003708071,zcrm_361303000000269001,zcrm_361303000000269001,zcrm_361303000000269001,2024-01-18 08:40:35,2024-01-18 08:40:35,MicrosoftTeams-image - 2024-01-18T083858.842.png,230386,zcrm_361303000003708070,1,false,,
84szva905698b77e14ef0873afae5fc4a349f_MicrosoftTeams-image - 2024-01-18T083838.100.png,zcrm_361303000003708073,zcrm_361303000000269001,zcrm_361303000000269001,zcrm_361303000000269001,2024-01-18 08:40:35,2024-01-18 08:40:35,MicrosoftTeams-image - 2024-01-18T083838.100.png,217570,zcrm_361303000003708070,1,false,,
84szvfff56904e343462eb65ef8b8051341f5_MicrosoftTeams-image - 2024-01-18T084550.187.png,zcrm_361303000003708132,zcrm_361303000000269001,zcrm_361303000000269001,zcrm_361303000000269001,2024-01-18 08:46:54,2024-01-18 08:46:54,MicrosoftTeams-image - 2024-01-18T084550.187.png,217503,zcrm_361303000003708131,1,false,,
84szv21d2f9afee6f4930bbfce927fc22dd29_MicrosoftTeams-image - 2024-01-18T085748.267.png,zcrm_361303000003708189,zcrm_361303000000269001,zcrm_361303000000269001,zcrm_361303000000269001,2024-01-18 08:58:09,2024-01-18 08:58:09,MicrosoftTeams-image - 2024-01-18T085748.267.png,193796,zcrm_361303000003708188,1,false,,
84szve450562ca16e4c65a1cab3f6d33bdf11_MicrosoftTeams-image - 2024-01-18T091800.921.png,zcrm_361303000003708271,zcrm_361303000000269001,zcrm_361303000000269001,zcrm_361303000000269001,2024-01-18 09:18:36,2024-01-18 09:18:36,MicrosoftTeams-image - 2024-01-18T091800.921.png,2951252,zcrm_361303000003708270,1,false,,
84szv7fa39e9c386e4792b1a5fc7fcaa30c9e_MicrosoftTeams-image - 2024-01-18T091753.484.png,zcrm_361303000003708273,zcrm_361303000000269001,zcrm_361303000000269001,zcrm_361303000000269001,2024-01-18 09:18:36,2024-01-18 09:18:36,MicrosoftTeams-image - 2024-01-18T091753.484.png,1402731,zcrm_361303000003708270,1,false,,
84szv3e2513138c2d407a9808399548b675ff_Ban Mae Oom Long Noi Case Study (before project) - 2023.docx,zcrm_361303000003712004,zcrm_361303000000269001,zcrm_361303000000269001,zcrm_361303000000269001,2024-01-19 03:02:32,2024-01-19 03:02:32,Ban Mae Oom Long Noi Case Study (before project) - 2023.docx,53525,zcrm_361303000003712003,1,false,,
84szv63214ff4b7ab455584ebfb31a462434a_Ban Huay Ha Mai-Irrigation Projet Proposal 1.docx,zcrm_361303000003712012,zcrm_361303000000269001,zcrm_361303000000269001,zcrm_361303000000269001,2024-01-19 06:30:36,2024-01-19 06:30:36,Ban Huay Ha Mai-Irrigation Projet Proposal 1.docx,6372662,zcrm_361303000003667022,1,false,,
84szvb378c8ddc8704f5ab2d67d2231539f3d_Ban  Huay Kong Paw Irrigation  project (1).docx,zcrm_361303000003712163,zcrm_361303000000269001,zcrm_361303000000269001,zcrm_361303000000269001,2024-01-19 07:30:37,2024-01-19 07:30:37,Ban  Huay Kong Paw Irrigation  project (1).docx,6459758,zcrm_361303000003572001,1,false,,
84szva58caa108c17465db16aee58bc0ec88a_MicrosoftTeams-image - 2024-01-19T082143.387.png,zcrm_361303000003712556,zcrm_361303000000269001,zcrm_361303000000269001,zcrm_361303000000269001,2024-01-19 08:22:02,2024-01-19 08:22:02,MicrosoftTeams-image - 2024-01-19T082143.387.png,2009773,zcrm_361303000003712555,1,false,,
84szv4051ee3f89e34f23848c0d17fbf60a24_MicrosoftTeams-image - 2024-01-19T082135.735.png,zcrm_361303000003712558,zcrm_361303000000269001,zcrm_361303000000269001,zcrm_361303000000269001,2024-01-19 08:22:02,2024-01-19 08:22:02,MicrosoftTeams-image - 2024-01-19T082135.735.png,3831893,zcrm_361303000003712555,1,false,,
84szvdd3cea674e1148cf9291b78ce1ff6fd8_Ban Mae Oom Long Noi Case Study (before project) - 2023 (1).docx,zcrm_361303000003712560,zcrm_361303000000269001,zcrm_361303000000269001,zcrm_361303000000269001,2024-01-19 08:22:02,2024-01-19 08:22:02,Ban Mae Oom Long Noi Case Study (before project) - 2023 (1).docx,52766,zcrm_361303000003712555,1,false,,
84szv6323738bfeec456b9ccb35ee290ea0d7_Ban Mae  Oom Pawk Water Project Proposal February 2024.docx,zcrm_361303000003712680,zcrm_361303000000269001,zcrm_361303000000269001,zcrm_361303000000269001,2024-01-19 08:52:04,2024-01-19 08:52:04,Ban Mae  Oom Pawk Water Project Proposal February 2024.docx,16194204,zcrm_361303000003712664,1,false,,
84szv2dba6dd6e3984a739b0ed5b94ea37d2f_Ban Mae Oom Long Noi-Irrigation Proect Proposal January 2024 (1).docx,zcrm_361303000003716262,zcrm_361303000000269001,zcrm_361303000000269001,zcrm_361303000000269001,2024-01-19 09:31:38,2024-01-19 09:31:38,Ban Mae Oom Long Noi-Irrigation Proect Proposal January 2024 (1).docx,6222363,zcrm_361303000003712018,1,false,,
dpioie7ab71598b21444aa800280e903cf2f4_Ban Luk Pa Kaw Water Project Proposal March 2027.docx,zcrm_361303000003811041,zcrm_361303000000269001,zcrm_361303000000269001,zcrm_361303000000269001,2024-02-21 16:00:57,2024-02-21 16:00:57,Ban Luk Pa Kaw Water Project Proposal March 2027.docx,15385881,zcrm_361303000003722011,1,false,,
9o7e0fb63dfeeaf0a4302bd9d6ac0bb2b39a2_Ban Mae Sa Maeng Song- Water Project Proposal February 2024.docx,zcrm_361303000003864483,zcrm_361303000000269001,zcrm_361303000000269001,zcrm_361303000000269001,2024-03-12 17:35:51,2024-03-12 17:35:51,Ban Mae Sa Maeng Song- Water Project Proposal February 2024.docx,9633181,zcrm_361303000003864011,1,false,,
du1z25d91524a84e645ff857245090fc66a7f_Image (13).jpg,zcrm_361303000003867078,zcrm_361303000000269001,zcrm_361303000000269001,zcrm_361303000000269001,2024-03-13 16:38:59,2024-03-13 16:38:59,Image (13).jpg,5067761,zcrm_361303000003867077,1,false,,
du1z27fe7d94c10074521ab19ab1433f57093_Ban Huay Ha Mai Case Study (before project).docx,zcrm_361303000003867080,zcrm_361303000000269001,zcrm_361303000000269001,zcrm_361303000000269001,2024-03-13 16:38:59,2024-03-13 16:38:59,Ban Huay Ha Mai Case Study (before project).docx,55633,zcrm_361303000003867077,1,false,,
du1z2dd282f6af6cb40fab348bb5e4fec7c01_Image (12).jpg,zcrm_361303000003867092,zcrm_361303000000269001,zcrm_361303000000269001,zcrm_361303000000269001,2024-03-13 16:40:12,2024-03-13 16:40:12,Image (12).jpg,2749671,zcrm_361303000003867091,1,false,,
2w8pm3cc9a2fa7a6e43e0a16e681c68c7569f_Case Study Ban Mae Oom Pawk- 194 WASH Project.docx,zcrm_361303000003885046,zcrm_361303000000269001,zcrm_361303000000269001,zcrm_361303000000269001,2024-03-19 08:12:37,2024-03-19 08:12:37,Case Study Ban Mae Oom Pawk- 194 WASH Project.docx,50121,zcrm_361303000003885045,1,false,,
2w8pmdf893ed272c64111bbda11f3fa5fff03_Case study Ban Mae Oom Pawk - before project 194.jpg,zcrm_361303000003885048,zcrm_361303000000269001,zcrm_361303000000269001,zcrm_361303000000269001,2024-03-19 08:12:37,2024-03-19 08:12:37,Case study Ban Mae Oom Pawk - before project 194.jpg,2267984,zcrm_361303000003885045,1,false,,
96fyu83c3ffbd597d49f3a4ae7b03d1fe86a7_Case Study Ban Luk Pa Kaw (before project).png,zcrm_361303000003917008,zcrm_361303000000269001,zcrm_361303000000269001,zcrm_361303000000269001,2024-04-01 10:10:47,2024-04-01 10:10:47,Case Study Ban Luk Pa Kaw (before project).png,4173257,zcrm_361303000003917007,1,false,,
96fyu42cce957779a46a494e9ed5e50cf0a6e_Case Study Ban Luk Pa Kaw - WASH Project - 195.docx,zcrm_361303000003917010,zcrm_361303000000269001,zcrm_361303000000269001,zcrm_361303000000269001,2024-04-01 10:10:47,2024-04-01 10:10:47,Case Study Ban Luk Pa Kaw - WASH Project - 195.docx,50455,zcrm_361303000003917007,1,false,,
96fyu576a61674a214d54ade825ad8e2f0c1c_Water source test Ban Luk Pa Kaw 195.png,zcrm_361303000003917022,zcrm_361303000000269001,zcrm_361303000000269001,zcrm_361303000000269001,2024-04-01 10:17:34,2024-04-01 10:17:34,Water source test Ban Luk Pa Kaw 195.png,2198318,zcrm_361303000003917021,1,false,,
e17fy5f49ef43c26d4b919fc467b8b1654e28_Image (22).jpg,zcrm_361303000003923004,zcrm_361303000000269001,zcrm_361303000000269001,zcrm_361303000000269001,2024-04-03 11:41:02,2024-04-03 11:41:02,Image (22).jpg,2609387,zcrm_361303000003923003,1,false,,
3vabde153d1d3cc2d49f79ca4f235d8946244_Ban Mae Oom Pawk February 2026.docx,zcrm_361303000003933479,zcrm_361303000000269001,zcrm_361303000000269001,zcrm_361303000000269001,2024-04-05 16:49:33,2024-04-05 16:49:33,Ban Mae Oom Pawk February 2026.docx,12191474,zcrm_361303000003933175,1,false,,
3vabdb631930c9cb34f6199470a25c1b09e7a_Ban Mae Hard Irrigation Proect Proposal April 2024.docx,zcrm_361303000003933485,zcrm_361303000000269001,zcrm_361303000000269001,zcrm_361303000000269001,2024-04-05 16:51:11,2024-04-05 16:51:11,Ban Mae Hard Irrigation Proect Proposal April 2024.docx,12261116,zcrm_361303000003802011,1,false,,
9kme582c5732dc9e0420fb5b66e3baad91d67_Ban Mae Ki May 2024.docx,zcrm_361303000003962018,zcrm_361303000000269001,zcrm_361303000000269001,zcrm_361303000000269001,2024-04-11 12:52:18,2024-04-11 12:52:18,Ban Mae Ki May 2024.docx,12528306,zcrm_361303000003962002,1,false,,
9kme5c57f938288544757b4f3ecb3f7c7895b_The  Karen  Hilltribes  Trust lrrigation Project Proposal Ban Pa Mauk - Huay Rin April 2023.docx,zcrm_361303000003962027,zcrm_361303000000269001,zcrm_361303000000269001,zcrm_361303000000269001,2024-04-11 16:35:16,2024-04-11 16:35:16,The  Karen  Hilltribes  Trust lrrigation Project Proposal Ban Pa Mauk - Huay Rin April 2023.docx,3783143,zcrm_361303000003962026,1,false,,
9kme533228290783e4f1690fd7d930bdf2efa_Ban Pa Maak (1).docx,zcrm_361303000003962038,zcrm_361303000000269001,zcrm_361303000000269001,zcrm_361303000000269001,2024-04-11 16:36:01,2024-04-11 16:36:01,Ban Pa Maak (1).docx,3715508,zcrm_361303000003962037,1,false,,
e5jg180b3aa1346f041f59ec857bf5d23078c_WhatsApp Image 2024-04-24 at 02.42.53.jpeg,zcrm_361303000004046005,zcrm_361303000000269001,zcrm_361303000000269001,zcrm_361303000000269001,2024-04-24 16:59:33,2024-04-24 16:59:33,WhatsApp Image 2024-04-24 at 02.42.53.jpeg,212858,zcrm_361303000004046004,1,false,,
e5jg1c362318dc54642ae8076bacecebfa0b4_WhatsApp Image 2024-04-24 at 02.41.05 (1).jpeg,zcrm_361303000004046016,zcrm_361303000000269001,zcrm_361303000000269001,zcrm_361303000000269001,2024-04-24 17:00:11,2024-04-24 17:00:11,WhatsApp Image 2024-04-24 at 02.41.05 (1).jpeg,224496,zcrm_361303000004046015,1,false,,
e89j58cdda1f3190d4185a530a7577ec3d2af_Ban Pha Khae (WASH).docx,zcrm_361303000004096001,zcrm_361303000000269001,zcrm_361303000000269001,zcrm_361303000000269001,2024-05-09 16:14:48,2024-05-09 16:14:48,Ban Pha Khae (WASH).docx,3345514,zcrm_361303000001463149,1,false,,
e89j5637540cc91a749529b91c42a782bcfb2_Ban Pha Khae May 2023.docx,zcrm_361303000004101001,zcrm_361303000000269001,zcrm_361303000000269001,zcrm_361303000000269001,2024-05-10 09:07:24,2024-05-10 09:07:24,Ban Pha Khae May 2023.docx,11667776,zcrm_361303000001463149,1,false,,
e9b2dddae89e2547646e6971940b1139f99a1_Image (34).jpg,zcrm_361303000004108005,zcrm_361303000000269001,zcrm_361303000000269001,zcrm_361303000000269001,2024-05-14 15:51:48,2024-05-14 15:51:48,Image (34).jpg,220308,zcrm_361303000004108004,1,false,,
e9b2d7b02558d2e934f509e024780bfe638d5_Ban Hua Nam Mae Sa Kud July 2024.docx,zcrm_361303000004108534,zcrm_361303000000269001,zcrm_361303000000269001,zcrm_361303000000269001,2024-05-14 16:36:33,2024-05-14 16:36:33,Ban Hua Nam Mae Sa Kud July 2024.docx,16289783,zcrm_361303000004108338,1,false,,
e9b2d1b175d686dd34167ae33441bb13d2d33_Ban Hua Mae La Ka Tai May 2024 (1).docx,zcrm_361303000004108540,zcrm_361303000000269001,zcrm_361303000000269001,zcrm_361303000000269001,2024-05-14 16:37:59,2024-05-14 16:37:59,Ban Hua Mae La Ka Tai May 2024 (1).docx,17240816,zcrm_361303000003867021,1,false,,
e9mrs80dfaa0b343b4f5eb53824b668200494_Image (35).jpg,zcrm_361303000004123004,zcrm_361303000000269001,zcrm_361303000000269001,zcrm_361303000000269001,2024-05-15 10:04:32,2024-05-15 10:04:32,Image (35).jpg,273459,zcrm_361303000004123003,1,false,,
