"id","village_name","created_time","households","road_conditions","total_population","gps_latitude","gps_longitude","population_without_enough_rice","children_aged_0_18","distance_to_town_km","adult_males","adult_females","distance_to_hospital_km","nearest_health_centre","distance_to_pratom_km","annual_typhoid_cases","distance_to_health_centre_km","distance_to_mathayom_km","common_diseases","hosted_kht_projects","record_id","village_name_th","nearby_node","geom"
"64b426d3-9356-4191-90d3-ba1f675caf7e","Ban Mae Kong Pae","9/22/2021 15:52",53,"Average (some paved road. some potholes)",250,"18.565066","98.116619",60,NULL,58,130,120,58,"Ban Kok Luang",5,2,11,4,"Flu","Irrigation;WASH","zcrm_361303000000383834","บ้านแม่กองแป",3151,"0101000020E6100000E7C589AF76875840E014562AA8903240"
"11ebb522-6d94-4946-9630-b453cc2088d7","Ban Mae Yuam Noi","9/24/2021 16:34",30,"Good (paved roads. few potholes)",118,"18.8184","98.05048",50,29,16,43,46,16,"Ban Pong Tong",1,3,5,16,"Ulcer. Flu","WASH","zcrm_361303000000461001","บ้านแม่ยวมน้อย",239,"0101000020E6100000884677103B835840E10B93A982D13240"
"a1784970-6156-47e4-bfe2-8a86a2485451","Ban Mae Ho Klang","2021-10-27 14:25:02",33,"Very Good (paved roads)",153,"18.133738","98.078612",40,24,20,68,61,20,"Ban Mae Ho",2,1,2,2,"Ulcer & Flu","WASH","zcrm_361303000000521001","บ้านแม่โฮ้กลาง",2839,"0101000020E6100000AF44A0FA07855840823B50A73C223240"
"9df10530-2c47-494a-b9d6-298fe295f8d8","Ban Huay Pong Lao","2021-10-28 12:25:05",46,"-",231,"18.61241","97.8565",40,80,40,73,78,40,"Ban Mae Ki",9,1,9,40,"Flu and Ulcer","School Buses;Further Education Scholarships;WASH","zcrm_361303000000527033","บ้านห้วยพงลาว",2971,"0101000020E6100000894160E5D07658404DBED9E6C69C3240"
"28e5a2bd-599a-48d9-9152-f54b7246d438","Ban Mae Sapei Nua","2021-10-28 12:25:05",70,"-",300,"18.90522","97.85216",50,99,25,101,100,25,"Khun Yuam",-1,38,25,-1,"Ulcer. influenza","School Buses;WASH","zcrm_361303000000527034","บ้านแม่สะเป่เหนือ",884,"0101000020E610000066BD18CA8976584064AF777FBCE73240"
"2e6bd2ec-3ff2-49f9-b209-fe57630bec9c","Ban Mae Sapei Tai","2021-10-28 12:25:05",88,"-",395,"18.9324","97.86873",40,114,14,146,135,14,"Ban Mae Su Rin",-1,10,12,14,NULL,"School Buses;Further Education Scholarships;WASH","zcrm_361303000000527035","-",3809,"0101000020E610000076C3B6459977584058CA32C4B1EE3240"
"d2858945-fd3e-4b96-b5e6-6c542bb94af8","Ban Mae Oompai Tai","2021-10-28 12:25:05",88,"-",397,"18.75611","98.03743",20,-1,54,-1,-1,54,"Ban Mae To",-1,7,3,-1,"Flu. Stomach ache. Headache","School Buses;Irrigation;WASH","zcrm_361303000000527036","บ้านแม่อุ้มปายใต้",5804,"0101000020E6100000EA78CC4065825840B62DCA6C90C13240"
"9a989e1f-c75c-4381-8217-50b47477e4ff","Ban Huay Pong Karn","2021-10-28 12:25:05",37,"Very Good (paved roads)",132,"19.11397","97.97173",60,35,30,46,51,30,"Huay Pong",11,-1,8,-1,"Flu","School Buses;Further Education Scholarships;WASH","zcrm_361303000000527037","บ้านห้วยโป่งกาน",3797,"0101000020E6100000B1A206D3307E5840A1B94E232D1D3340"
"973580ec-06c3-4387-af00-bb50be0e7bf7","Ban Kham Suk","2021-10-28 12:25:05",11,"-",84,"18.82074","98.0462",30,37,14,23,24,14,"Khun Yuam",-1,2,14,-1,NULL,"School Buses;Further Education Scholarships;WASH","zcrm_361303000000527039","บ้านคำสุข",2881,"0101000020E6100000D044D8F0F4825840E08442041CD23240"
"b8f500e3-3dde-4a10-9af8-880151712c4a","Ban Pattana Poo Koo","2021-10-28 12:25:05",80,"Very Good (paved roads)",305,"18.923076","97.869539",60,-1,7,153,152,7,"Ban Pang Tong",0,-1,10,7,"Flu","School Buses;Irrigation;Further Education Scholarships","zcrm_361303000000527041","บ้านพัฒนาปูกู้",886,"0101000020E61000002EE6E786A6775840F5B86FB54EEC3240"
"3f977cd6-5e90-437a-be6e-f1c5058668a9","Ban Huay Ku Pa","2021-10-28 12:25:05",33,"-",126,"18.54035","97.89712",50,49,26,-1,-1,26,"Ban Mae La Luang",-1,-1,6,6,NULL,"School Buses;Further Education Scholarships;WASH","zcrm_361303000000527042","บ้านห้วยกูป๊ะ",2318,"0101000020E61000009A25016A6A795840C364AA60548A3240"
"b696269d-fae9-4559-a596-7570844744cc","Ban Huay Kai Pa","2021-10-28 12:25:05",113,"-",539,"18.9509","97.79007",40,160,22,191,188,22,"Ban Mae Su",-1,-1,5,12,"Flu. Ulcer and headache","School Buses;School Meals;Further Education Scholarships;WASH","zcrm_361303000000527047","บ้านห้วยไก่ป่า",887,"0101000020E61000003FE3C2819072584033C4B12E6EF33240"
"cd3920fe-9ec9-4f85-9bba-e022f11a762f","Ban Huay San","2021-10-28 12:25:05",21,"-",109,"18.68857","97.83369",40,44,40,33,32,40,"Ban Mae Ki",-1,19,5,-1,"Flu. Ulcer. blood pressure. diarrhea","School Meals;WASH","zcrm_361303000000527050","บ้านห้วยสาน",2043,"0101000020E610000025404D2D5B755840B8019F1F46B03240"
"93fa5cd3-4094-4ddc-a855-69a54b860a54","Ban Mae Kheed","2021-10-28 12:25:05",118,"Average (some paved road. some potholes)",418,"18.52724","98.08081",40,-1,50,217,201,50,"Ban Kok Luang",0,-1,8,0,"Dengue fever","Irrigation;Further Education Scholarships;WASH","zcrm_361303000000527051","บ้านแม่ขีด",3142,"0101000020E610000025CCB4FD2B8558409E245D33F9863240"
"e1c5961a-766c-4528-8876-8b22615d77a9","Ban Mae La Pa Wai","2021-10-28 12:25:05",22,"-",131,"18.57165","98.14273",40,60,80,61,64,80,"In the village",-1,-1,-1,-1,NULL,"School Meals;WASH","zcrm_361303000000527052","บ้านแม่ละป่าไหว",3867,"0101000020E61000001E8A027D2289584027C286A757923240"
"fe6381d5-a857-4bcf-b884-c922d6a0ee44","Ban Mae Tho Tai","2021-10-28 12:25:05",105,"-",312,"18.62961","97.99961",10,-1,-1,-1,-1,45,"Ban Mae To",-1,-1,6,-1,NULL,"Irrigation;School Buses;School Meals;Further Education Scholarships;WASH","zcrm_361303000000527054","บ้านแม่โถใต้",951,"0101000020E61000004BB0389CF97F58400C3CF71E2EA13240"
"371c5c3f-99d8-4e3d-bfff-70045e5f229a","Ban Pa Pong","2021-10-28 12:25:05",90,"-",371,"18.13999","98.16411",35,119,35,131,121,35,"Ban Huay Kung",-1,6,7,-1,"ulcer. high blood pressure. flu","Further Education Scholarships;WASH","zcrm_361303000000527056","บ้านป่าโปง",1028,"0101000020E610000094BC3AC7808A58405DC47762D6233240"
"dc156688-9038-4550-86c5-a0c675b7d330","Ban Na ngeiw","2021-10-28 12:25:05",30,"-",147,"19.09541","97.52298",50,60,11,37,50,11,"Khun Yuam",-1,-1,11,-1,NULL,"Further Education Scholarships;WASH","zcrm_361303000000527062","บ้านนางิ้ว",6182,"0101000020E6100000931D1B81786158401CB62DCA6C183340"
"52a7deef-86d1-4da2-8785-f0cfd3e33cc4","Ban Mae Poon","2021-10-28 12:25:05",83,"Average (some paved road. some potholes)",313,"18.25059","98.12688",40,83,47,110,120,47,"Ban Chang Maw",0,3,27,28,NULL,"Further Education Scholarships;WASH","zcrm_361303000000527065","บ้านแม่ปูน",1058,"0101000020E61000000EA14ACD1E88584063B48EAA26403240"
"6ab65c44-9da6-4242-9783-83e2a86e3ddd","Ban Ma Hing Luang","2021-10-28 12:25:05",72,"-",473,"18.682","98.04242",30,202,43,135,136,43,"Ban Mae La Ka",-1,18,7,-1,"Flu. Ulcer","Further Education Scholarships;WASH","zcrm_361303000000527071","บ้านมะหินหลวง",1996,"0101000020E6100000912C6002B78258403BDF4F8D97AE3240"
"4e837cad-0abc-47bb-9e21-24345791f2fe","Ban Huay Ma Ba","2021-10-28 16:47:15",38,"Average (some paved road. some potholes)",198,"18.56305","98.08861",60,-1,56,96,102,56,"Ban Khun Mae La Noi",6,-1,6,65,"Flu","Irrigation;Further Education Scholarships;WASH","zcrm_361303000000534424","บ้านห้วยมาบา",3152,"0101000020E61000004F0647C9AB8558404703780B24903240"
"af7e2296-9738-46ec-b7f5-3344325cccaa","Ban Pa Maak","2021-11-01 13:07:27",100,"Very Good (paved roads)",350,"18.430025","97.879721",60,-1,1,170,180,1,"Mae La Noi",0,-1,1,1,"Flu","Irrigation;Further Education Scholarships;WASH","zcrm_361303000000543001","บ้านป่าหมาก",3613,"0101000020E6100000AF264F594D78584060764F1E166E3240"
"e7b1d2b7-13be-4660-b5d6-63de9fc7a54e","Ban Mae Khi","2021-11-01 17:10:12",81,"-",396,"18.66254","97.85096",40,84,34,166,146,34,"In the village",-1,3,-1,34,"Flu and Ulcer","School Meals;Further Education Scholarships;WASH","zcrm_361303000000546098","บ้านแม่ขี่",522,"0101000020E6100000118DEE2076765840B64AB0389CA93240"
"b579d400-02ff-48cc-9d8b-5d4b67c8044d","Ban Mae Au (Mae Chaem)","2021-11-22 07:54:33",34,"Poor (not paved. lots of potholes)",113,"18.808386","98.252471",40,46,87,35,32,50,"Ban Pang Ung",6,10,23,87,"Cholera. Hepatisis A & parasites","WASH","zcrm_361303000000667001","บ้านแม่อู (แม่แจ่ม)",5087,"0101000020E61000000F0C207C28905840548B8862F2CE3240"
"a7cfd761-95c1-49b5-8545-27af40bb5a18","Ban Mae Yuam Luang","2021-11-26 04:07:54",19,"Very Good (paved roads)",87,"18.82872","97.917326",50,-1,12,47,40,12,"Ban Pang Tong",1,-1,4,12,"Flu","Irrigation;Further Education Scholarships;WASH","zcrm_361303000000702001","บ้านแม่ยวมหลวง",1754,"0101000020E610000050711C78B57A5840878A71FE26D43240"
"956a7cfc-30b6-46cd-88bf-50763fff845f","Ban Huay Ton Noon","2021-11-26 04:33:45",150,"Very Good (paved roads)",565,"18.77794","97.75461",45,-1,25,275,290,25,"Ban Huay Ton Noon",0,-1,0,25,"Flu","Irrigation;Further Education Scholarships;WASH","zcrm_361303000000702035","บ้านห้วยตองนุ่น",2986,"0101000020E610000003CFBD874B70584010406A1327C73240"
"f5eedbe7-32e1-45de-a761-5b187b2941df","Ban Ler Wa Day","2021-11-26 07:38:22",17,"Average (some paved road. some potholes)",105,"18.409533","97.705962",50,-1,70,51,54,70,"Ban Po Saw",3,-1,10,10,"Fllu","Irrigation","zcrm_361303000000707091","-",3091,"0101000020E6100000008E3D7B2E6D5840FDA19927D7683240"
"d1038471-647f-47b1-9b6b-522c705d53df","Ban Po Saw","2021-11-26 07:59:56",123,"Very Good (paved roads)",537,"18.346565","97.693357",50,-1,60,254,283,60,"Ban Po Saw",0,-1,0,0,"Flu","Irrigation;WASH","zcrm_361303000000707147","บ้านปอซอว",1068,"0101000020E6100000F9DC09F65F6C584030F0DC7BB8583240"
"08489927-675a-4855-b6d2-7216c23563d6","Ban Mae Lor","2021-11-26 08:24:13",45,"Average (some paved road. some potholes)",299,"18.43209","97.693",50,-1,73,137,162,73,"Ban Po Saw",0,-1,10,10,"Flu","Irrigation;WASH","zcrm_361303000000707181","บ้านแม่ลอร์",3091,"0101000020E61000003108AC1C5A6C5840BBED42739D6E3240"
"79f39825-dd7b-4c63-8f04-521993f43f81","Ban Huay Na","2021-11-26 08:50:08",125,"Very Good (paved roads)",486,"19.05218","98.35587",45,-1,25,242,244,25,"Ban Huay Na",0,1,0,25,"Stomach. Flu. Skin infection","Irrigation;Further Education Scholarships;WASH","zcrm_361303000000707225","บ้านห้วยนา",2762,"0101000020E610000029E8F692C69658405A8121AB5B0D3340"
"ded95acc-9149-480a-84be-23468a4778b3","Ban Huay Pong","2021-11-28 05:32:07",35,"Average (some paved road. some potholes)",123,"18.585236","98.101672",50,-1,73,58,65,73,"Ban Po Saw",5,-1,13,13,"Flu","Irrigation;WASH","zcrm_361303000000716013","บ้านห้วยปง",3151,"0101000020E6100000CFBA46CB818658401D71C806D2953240"
"2387561b-37e6-4514-8d17-a12bc7fc62e1","Ban Nong Heang","2021-11-28 05:47:14",122,"Very Good (paved roads)",408,"18.63574","97.94905",55,-1,25,-1,-1,25,"Ban Muang Pon",0,-1,10,0,"Flu","Irrigation;Further Education Scholarships;WASH","zcrm_361303000000716047","บ้านหนองเหง",889,"0101000020E61000003411363CBD7C584050C24CDBBFA23240"
"5d3228fb-3af6-457b-88b5-5bc7bed0fb2f","Ban Mae Jaa","2021-11-28 06:11:03",81,"Good (paved roads. few potholes)",335,"18.986531","97.989024",55,-1,35,178,157,35,"Ban Huay Pong",0,-1,3,35,"15 others affected by illnesses","Irrigation;Further Education Scholarships;WASH","zcrm_361303000000716116","บ้านแม่จ่า",3695,"0101000020E610000062BD512B4C7F58407C7DAD4B8DFC3240"
"2229d4a7-3177-4d0a-b60d-1ea6c7af8257","Ban Thung Pa Kha","3/9/2022 8:59",151,"Good (paved roads. few potholes)",420,"18.62569","97.95176",40,NULL,23,201,219,23,"Ban Mae Suk",3,NULL,3,23,"Dengue Fever: 2","School Buses;Irrigation;WASH","zcrm_361303000001197125","บ้านทุ่งป่าคา",889,"0101000020E61000000569C6A2E97C58402A6F47382DA03240"
"e125c4c7-b868-4961-af3f-9426ef3f45e0","Ban Nong Khao Nua","5/11/2022 8:38",25,"Good (paved roads. few potholes)",93,"19.236202","98.145748",50,20,45,34,39,45,"Ban Nong Khao Klong",12,2,5,12,"Parasites","WASH","zcrm_361303000001443001","-",2452,"0101000020E6100000465D6BEF53895840F23FF9BB773C3340"
"7efbbd5b-cba6-4da1-b610-985646ddeab3","Ban Mae Tia","5/12/2022 8:47",296,"Very Good (paved roads)",1081,"18.297219","97.917109",40,257,15,397,427,15,"Ban Mae Tia",0,30,0,15,"Hepatitis/ Parasites","Further Education Scholarships;WASH","zcrm_361303000001443196","บ้านแม่เตี๊ยะ",2293,"0101000020E61000008177F2E9B17A5840F4BF5C8B164C3240"
"7109bb0a-86d0-402b-bb54-e88e5dfc2421","Ban Khun Mae Ruam","6/1/2022 8:07",125,"-",703,"18.91706","98.19787",35,166,32,277,260,32,"Ban Mae La Up",NULL,NULL,20,NULL,"Flu and Ulcer","Further Education Scholarships;WASH","zcrm_361303000001611394","บ้านขุนแม่รวม",2436,"0101000020E610000002B7EEE6A98C58404278B471C4EA3240"
"78e9016a-ebd2-4d13-affb-096a0b263037","Ban Pang Tong","6/1/2022 8:18",233,"-",863,"18.84205","98.06347",50,22,13,419,422,13,"Ban Pang Tong",NULL,3,NULL,NULL,"Flu and Diarrhea","Further Education Scholarships;WASH","zcrm_361303000001611496","บ้านปางตอง",1087,"0101000020E6100000BC9179E40F845840C898BB9690D73240"
"da91099f-5fd3-4260-abd3-0c2a53ececef","Ban Aae Auh","7/25/2022 11:19",57,"-",297,"18.92632","98.21819",40,80,80,109,108,36,"Ban Mae La Oop",5,9,10,5,"Flu and Ulcer","WASH","zcrm_361303000001881585","-",2436,"0101000020E61000001D9430D3F68D584077A1B94E23ED3240"
"5f40736a-d934-4eb4-92b8-64ac3fb11d2d","Ban Doi Liam","7/25/2022 11:19",36,"-",173,"18.25842","98.09135",40,65,35,53,55,35,"Ban Mae Ho",NULL,5,10,NULL,"Flu. Ulcer and cancer","Further Education Scholarships;WASH","zcrm_361303000001881589","บ้านดอยเลียม",986,"0101000020E6100000569FABADD8855840E0A128D027423240"
"e1604117-3c6f-4ba6-aceb-f72b41b4e279","Ban Eh Loo","7/25/2022 11:19",42,"-",207,"18.42941","97.66358",60,45,78,81,81,78,"Ban Po Suar",10,11,15,15,"Flu","WASH","zcrm_361303000001881591","บ้านเอะหลู",3091,"0101000020E6100000E6913F18786A58404B9352D0ED6D3240"
"ff471478-c397-4bbf-b639-efd9262be1cc","Ban Goong Sum Tai","7/25/2022 11:19",22,"Very Poor (not paved. inaccesible in wet season)",107,"18.400235","97.614122",70,27,81,41,39,81,"Ban Po Saw",0,10,25,25,"Cholera","WASH","zcrm_361303000001881594","บ้านกุงส้มใต้",3091,"0101000020E610000043705CC64D675840EDB60BCD75663240"
"88750191-bc25-402d-a004-d6bca617a3d6","Ban Hua Ha","7/25/2022 11:19",19,"-",110,"19.10263","98.0745",90,47,70,32,31,70,"Ban Paw New Khee",NULL,6,13,NULL,"Flu","Further Education Scholarships;WASH","zcrm_361303000001881598","บ้านหัวหา",3804,"0101000020E610000054E3A59BC4845840A796ADF5451A3340"
"195bf16c-fb94-445f-8f9f-e47123cbb927","Ban Hua La","7/25/2022 11:19",95,"-",449,"18.54534","97.95983",40,151,26,151,147,26,"In the village",NULL,3,NULL,NULL,"Flu. Ulcer. Prostate. Stones (stone in bladder because of unclean water)","Further Education Scholarships;WASH","zcrm_361303000001881600","บ้านหัวลา",1251,"0101000020E61000000FEECEDA6D7D58405D33F9669B8B3240"
"01cbb1a0-bac7-4e41-a99f-f1e9f112070c","Ban Hua Mae Surin","7/25/2022 11:19",21,"-",220,"18.92328","98.08674",20,57,33,81,82,33,"Ban Pang Tong",NULL,NULL,18,NULL,"Stomach problem. Skin infection","Further Education Scholarships;WASH","zcrm_361303000001881601","บ้านหัวแม่สุริน",1358,"0101000020E610000053D0ED258D855840060DFD135CEC3240"
"e37f8d27-5e24-48cc-9c73-4623386637d7","Ban Hua Mae Tho","7/25/2022 11:19",90,"Very Good (paved roads)",349,"18.64773","98.06686",50,NULL,70,178,171,70,"Ban Mae Tho",0,NULL,10,10,"Flu","Irrigation;Further Education Scholarships;WASH","zcrm_361303000001881602","บ้านหัวแม่โถ",3862,"0101000020E6100000475A2A6F4784584059A31EA2D1A53240"
"053d9bde-6299-40f1-8642-372be783394d","Ban Hua Taad","7/25/2022 11:19",53,"-",233,"18.58668","98.02205",40,88,23,73,72,23,"Ban Mae Pang",NULL,6,10,NULL,"Flu and Ulcer","Further Education Scholarships;WASH","zcrm_361303000001881606","บ้านหัวตาด",3838,"0101000020E61000001D38674469815840A03715A930963240"
"483b3c04-435e-4fb3-880b-295843685cf5","Ban Huay Hia","7/25/2022 11:19",48,"Very Poor (not paved. inaccesible in wet season)",245,"18.46444","97.61937",45,114,92,63,68,92,"Ban Sa La Jiang Tong",0,2,14,36,"Cholera","Irrigation;Further Education Scholarships;WASH","zcrm_361303000001881614","บ้านห้วยเฮีย",3091,"0101000020E6100000E88711C2A367584049F4328AE5763240"
"abd4002c-0faa-4e77-94d7-f122d41eadd9","Ban Huay Hia Noi","7/25/2022 11:19",25,"Very Good (paved roads)",87,"18.07754","98.14618",NULL,34,50,27,26,50,"Ban Kong Pae",6,5,7,25,NULL,"WASH","zcrm_361303000001881615","บ้านห้วยเฮี๊ยะน้อย",1001,"0101000020E610000013D55B035B895840C02154A9D9133240"
"666bc261-8127-4a04-b670-76f3ee3dc14c","Ban Huay Hom","7/25/2022 11:19",89,"-",316,"19.17179","98.28864",45,80,45,119,117,6,"Ban Huay Bong",2,20,11,2,"Typhoid.Ulcer","WASH","zcrm_361303000001881616","บ้านห้วยหอม",5649,"0101000020E61000005114E81379925840A4C7EF6DFA2B3340"
"783d85ea-5389-449c-abfa-89ea3ded919c","Ban Huay Keaw","7/25/2022 11:19",45,"-",189,"19.23504","97.91825",80,68,20,55,66,20,"Ban Pa Pong",NULL,8,5,NULL,"Flu and skin infection","WASH","zcrm_361303000001881619","บ้านห้วยแก้ว",1979,"0101000020E610000054E3A59BC47A58407940D9942B3C3340"
"a53a462e-b563-4475-9ca8-d9727c967425","Ban Huay Kong Paw","7/25/2022 11:19",52,"-",519,"18.53264","97.84733",30,166,34,178,175,34,"Ban Mae Su",NULL,2,13,NULL,"Flu. Ulcer. Stomach","School Buses;WASH","zcrm_361303000001881620","บ้านห้วยกองเป๊าะ",3700,"0101000020E6100000DCBA9BA73A7658409C8A54185B883240"
"4125edca-1efa-44d5-9d26-c5297c6576dd","Ban Huay Ma Nam","7/25/2022 11:19",65,"-",344,"17.64024","98.09067",50,125,104,111,108,84,"Ban Na Doi",4,7,12,4,"Flu and Ulcer","WASH","zcrm_361303000001881624","บ้านห้วยมาน้ำ",3636,"0101000020E61000009D2E8B89CD8558404E97C5C4E6A33140"
"5a95a669-1d43-4a9a-ad35-783d641cc96e","Ban Huay Maak Lang","7/25/2022 11:19",45,"-",251,"18.87872","98.0117",60,102,50,76,73,50,"Ban Paw Naw Khi",3,2,5,NULL,NULL,"Further Education Scholarships;WASH","zcrm_361303000001881625","บ้านห้วยมักลัง",2877,"0101000020E61000003F575BB1BF80584054573ECBF3E03240"
"39531372-e614-4b01-92db-f08446754972","Ban Huay Mai Sand","7/25/2022 11:19",74,"-",282,"18.62415","98.00061",50,78,40,97,107,40,"Ban Mae Tho",NULL,8,8,8,"Flu and skin infection","WASH","zcrm_361303000001881626","บ้านห้วยไม้สาน",951,"0101000020E61000003C8386FE0980584064CC5D4BC89F3240"
"5cf2347e-ed81-4e1d-ab06-7e9c3771f41b","Ban Huay Mak Nam","7/25/2022 11:19",35,"Very Poor (not paved. inaccesible in wet season)",116,"18.06412","98.03655",NULL,71,50,43,56,50,"Ban Mae Ho",4,5,30,30,NULL,"WASH","zcrm_361303000001881629","บ้านห้วยมักนำ",994,"0101000020E6100000CEAACFD556825840FF04172B6A103240"
"4424033f-726f-43fb-a1a9-4cce1322d58b","Ban Huay Mak Noon","7/25/2022 11:19",198,"Very Good (paved roads)",620,"18.33886","97.99521",NULL,212,12,202,206,12,"Ban Mae Tia",NULL,4,24,NULL,"1 Dengue Fever",NULL,"zcrm_361303000001881630","บ้านห้วยมักนุ่น",294,"0101000020E6100000BDA94885B17F58402DEC6987BF563240"
"6ee5b408-b99f-46af-a2e7-1e5eba4ebec3","Ban Huay Moo","7/25/2022 11:19",14,"Average (some paved road. some potholes)",82,"19.135383","98.127936",40,15,53,35,32,53,"Ban Huay Poo Ling",3,4,3,53,"Flu","WASH","zcrm_361303000001881631","บ้านห้วยหมู่",2620,"0101000020E6100000CAFE791A30885840336FD575A8223340"
"82452264-90d7-437e-a613-82b4d32be84a","Ban Huay Na (Mae Sariang)","7/25/2022 11:19",21,"-",109,"18.9509","97.79007",40,32,48,40,37,48,"Ban Mae Lid Pa Kae",2,6,NULL,26,"Flu. Ulcer and skin infection","WASH","zcrm_361303000001881633","บ้านห้วยนา (แม่สะเรียง)",887,"0101000020E61000003FE3C2819072584033C4B12E6EF33240"
"b8b1b65f-91fc-4d4c-89fa-8707fc56aaab","Ban Huay Phak Kood","7/25/2022 11:19",102,"-",561,"18.74639","98.2152",30,257,50,153,151,50,"Ban Pang Ung",NULL,14,20,50,"Flu and cancer","WASH","zcrm_361303000001881641","บ้านห้วยผักกูด",4030,"0101000020E6100000598638D6C58D5840BB0F406A13BF3240"
"c7464fa9-63e0-4e78-8d63-d44d85784de4","Ban Huay Phan","7/25/2022 11:19",34,"-",184,"18.99936","97.87624",30,73,35,56,55,35,"Ban Mae Surin",NULL,10,28,NULL,"Flu","WASH","zcrm_361303000001881642","-",1962,"0101000020E61000009CDCEF501478584039EE940ED6FF3240"
"57626696-66c2-4c98-ad3e-ed8a1d674b02","Ban Huay Pla Kang","7/25/2022 11:19",185,"Good (paved roads. few potholes)",607,"18.06347","98.03399",40,271,38,186,150,38,"Ban Mae Ho",NULL,2,18,38,"Ulcer","WASH","zcrm_361303000001881643","บ้านห้วยปลากั้ง",994,"0101000020E6100000079964E42C825840F146E6913F103240"
"1aa1d8be-632e-4386-928c-d0809f3ce254","Ban Huay Poo Leoy","7/25/2022 11:19",84,"Very Poor (not paved. inaccesible in wet season)",370,"19.14775","98.02886",60,90,70,132,148,20,"Ban Huay Tong",0,10,10,20,NULL,"WASH","zcrm_361303000001881650","บ้านห้วยปูเลย",3803,"0101000020E6100000670A9DD7D8815840E7FBA9F1D2253340"
"670dcc3d-9994-4978-a0f1-febf57afaee9","Ban Huay Tong Jing","7/25/2022 11:19",38,"-",182,"18.76571","98.00907",45,64,30,59,59,30,"Ban Mae Jae",2,5,7,30,"Flu","Further Education Scholarships;WASH","zcrm_361303000001881660","บ้านห้วยตงจิง",3670,"0101000020E6100000FB57569A948058405C38109205C43240"
"d9c3c51d-32c7-4ced-bfe8-b2c37ed0744f","Ban Kew Pak Ped","7/25/2022 11:19",28,"-",214,"19.2169","97.97999",60,116,74,48,50,26,"Ban Huay Tong",5,4,16,74,"Flu and Ulcer","WASH","zcrm_361303000001881671","บ้านเกี๊ยวปากเป็ด",185,"0101000020E61000000D1AFA27B87E58409D8026C286373340"
"c6f4dbc8-e9b8-4b98-ac26-4487c85db8ba","Ban Kha Noon","7/25/2022 11:19",17,"-",105,"18.20182","98.08428",50,22,43,43,40,43,"Ban Mae Lid Pa Kae",2,5,5,30,"Flu. Ulcer and skin infection","WASH","zcrm_361303000001881672","-",982,"0101000020E61000003EEDF0D764855840C1ADBB79AA333240"
"2ef65942-e2f4-4f64-a535-b9ccda092b77","Ban Khun Mae Hu","7/25/2022 11:19",55,"-",221,"18.50773","98.01113",50,66,30,81,74,30,"Ban Mae Pang Nok",20,5,20,30,"Flu and Ulcer","WASH","zcrm_361303000001881674","บ้านขุนแม่หู",1265,"0101000020E610000049809A5AB6805840B532E197FA813240"
"535956fb-4931-40c5-9454-14496fdff7d0","Ban Khun Mae La Tai","7/25/2022 11:19",30,"-",201,"18.61816","98.11526",40,NULL,72,NULL,NULL,72,"Ban PaKae",6,2,10,NULL,"Flu. Ulcer and skin infection","Irrigation;WASH","zcrm_361303000001881678","-",3698,"0101000020E61000005EA27A6B6087584003B2D7BB3F9E3240"
"54b9350f-5bd2-4a08-899e-92a5879a92cd","Ban Khun Mae Song","7/25/2022 11:19",116,"-",338,"18.535","97.76708",50,134,120,104,100,120,"Ban Po Suar",5,20,30,30,"Flu and Skin effection","WASH","zcrm_361303000001881680","บ้านขุนแม่สอง",3700,"0101000020E61000009B5AB6D617715840295C8FC2F5883240"
"eaecb835-fcbf-4630-b955-8bb74cc3b40b","Ban Khun Wong Nua","7/25/2022 11:19",74,"-",237,"18.07641","98.00478",50,106,22,64,67,22,"Ban Mae Ho",NULL,8,25,22,NULL,"WASH","zcrm_361303000001881683","บ้านขุนวงเหนือ",995,"0101000020E610000031EBC5504E8058405D16139B8F133240"
"c96cd07d-861d-4824-897a-c55708413414","Ban Khun Wong Tai","7/25/2022 11:19",70,"Poor (not paved. lots of potholes)",228,"18.06871","98.01409",NULL,70,33,83,75,33,"Ban Mae Ho",NULL,7,37,33,NULL,"WASH","zcrm_361303000001881684","-",995,"0101000020E6100000D74CBED9E68058407DE882FA96113240"
"270f9f0a-c7b7-489b-8f56-d6ff5d590e5c","Ban Kok Luang","7/25/2022 11:19",82,"-",420,"18.53201","98.13988",40,134,90,138,148,90,"In the village",NULL,4,NULL,NULL,"Flu. Ulcer. Arthritis. high blood pressure","WASH","zcrm_361303000001881688","บ้านกกลวง",3140,"0101000020E610000054573ECBF38858401C25AFCE31883240"
"ddcca679-4fd8-4926-bbe6-dfd01471f902","Ban Kor Moo Der","7/25/2022 11:19",92,"-",505,"17.92925","97.74395",90,220,90,129,156,60,"Mae Sam Laeb",NULL,13,12,NULL,"Flu","WASH","zcrm_361303000001881692","บ้านก่อหมูเดอ",4256,"0101000020E6100000FDF675E09C6F5840D9CEF753E3ED3140"
"82c8fcdc-8733-45e0-9678-d9b2dab01f7f","Ban Kra Baw Noi","7/25/2022 11:19",48,"-",229,"17.88288","97.79634",50,80,50,76,73,30,"Ban Mae Sam Laep",NULL,7,20,NULL,"Skin effection","WASH","zcrm_361303000001881693","บ้านกระบาน้อย",3899,"0101000020E6100000C91F0C3CF7725840E04A766C04E23140"
"fb7fc764-0527-4d0e-b0df-980f0d1dd2b0","Ban Kre Bor","7/25/2022 11:19",47,"-",199,"17.88299","97.79637",90,75,55,64,60,30,"Mae Sam Laeb",NULL,4,35,30,"Flu","WASH","zcrm_361303000001881694","บ้านเกระบอร์",3899,"0101000020E6100000FE60E0B9F7725840EEB1F4A10BE23140"
"298378ac-fe7f-4e37-b784-97b9c5882df3","Ban La Oop","7/25/2022 11:19",163,"-",962,"18.34237","98.0578",30,432,25,265,265,25,"In the village",NULL,NULL,NULL,NULL,NULL,"WASH","zcrm_361303000001881695","บ้านละอูบ",1220,"0101000020E61000005D6DC5FEB2835840AB21718FA5573240"
"58605ab7-103e-4c12-8315-6b87c71ee2e1","Ban Mae Au","7/25/2022 11:19",36,"-",204,"18.77433","98.03734",25,50,25,82,72,25,"Ban Hua Pon",NULL,1,4,NULL,NULL,"WASH","zcrm_361303000001881699","บ้านแม่ออ",5702,"0101000020E61000004AB54FC763825840CA4FAA7D3AC63240"
"54ef5a9d-ef3a-46a1-a258-4c8897e88cbc","Ban Mae Harn","7/25/2022 11:19",277,"-",1053,"18.21005","97.89129",20,453,13,303,297,13,"Ban Sop Harn",NULL,5,6,NULL,"Flu. Ulcer","WASH","zcrm_361303000001881702","บ้านแม่หาร",2828,"0101000020E61000001E5036E50A795840598638D6C5353240"
"75ae29d1-df43-4653-98ef-98509ddc810f","Ban Mae Hu","7/25/2022 11:19",49,"-",251,"18.43715","97.99202",40,68,35,11,140,35,"Ban Mae Hu",NULL,7,NULL,35,"Flu","WASH","zcrm_361303000001881706","บ้านแม่หู",1254,"0101000020E6100000963E74417D7F58404772F90FE96F3240"
"a866625a-b3d7-4f32-91cb-9656c0497389","Ban Mae Ja Noi","7/25/2022 11:19",15,"-",110,"19.27481","98.13777",90,41,18,36,33,18,"Ban Pha Bong",18,5,8,NULL,NULL,"WASH","zcrm_361303000001881707","บ้านแม่จาน้อย",2449,"0101000020E6100000AD174339D18858401F9DBAF259463340"
"8c8388f2-33fe-4f11-b7a8-95b5e15eb4ae","Ban Mae Jae","7/25/2022 11:19",59,"-",382,"18.74397","98.02142",50,105,40,138,139,40,"In the village",NULL,6,NULL,40,"Flu","Irrigation;WASH","zcrm_361303000001881709","บ้านแม่แจ้",3671,"0101000020E6100000BEDEFDF15E815840833463D174BE3240"
"bb93e608-e1fe-4be8-88d9-42b8f8f1567c","Ban Mae Jang Bon","7/25/2022 11:19",21,"Average (some paved road. some potholes)",107,"18.08325","98.05088",50,29,36,45,33,36,"Ban Mae Ho",1,8,17,17,"Flu","WASH","zcrm_361303000001881710","บ้านแม่จางบน",997,"0101000020E61000005001309E418358405A643BDF4F153240"
"3160fbb7-72ff-45b7-a26f-080c4a698e6f","Ban Mae Jaw Nua","7/25/2022 11:19",16,"-",89,"18.64099","98.02831",20,34,54,26,29,54,"Ban Mae To",6,2,6,NULL,"Flu. Ulcer and skin infection","WASH","zcrm_361303000001881713","บ้านแม่จอเหนือ",3857,"0101000020E61000009609BFD4CF8158402310AFEB17A43240"
"fbe2e953-f8fd-4ea1-b0e8-0ed04e68a897","Ban Mae Kha Nua","7/25/2022 11:19",34,"-",187,"17.86616","98.00782",55,65,30,146,141,30,"Ban Huay Muang",15,6,15,NULL,"Ulcer","WASH","zcrm_361303000001881716","บ้านแม่ขานเหนือ",336,"0101000020E61000004D10751F80805840761A69A9BCDD3140"
"ce1df068-96f9-4e0a-8636-476a49d40b77","Ban Mae Khae Noi","7/25/2022 11:19",24,"-",100,"17.91669","97.80789",50,35,91,33,32,91,"Ban Mae Sam Laep",NULL,8,25,12,"Flu ans Ulcer","WASH","zcrm_361303000001881717","บ้านแม่แก้น้อย",3899,"0101000020E6100000FD304278B4735840FB912232ACEA3140"
"f5a43281-a8f2-4b55-a172-33ba5c106b1d","Ban Mae Kheed Noi","7/25/2022 11:19",33,"-",144,"18.52738","98.08076",60,69,40,37,38,40,"Ban Mae Kheed",10,4,NULL,10,"Flu and cancer","WASH","zcrm_361303000001881719","บ้านแม่ขีดน้อย",3142,"0101000020E6100000CCB4FD2B2B85584082902C6002873240"
"1838010e-3648-4dd2-bbde-8cab08f5ce20","Ban Mae Kho Joo","7/25/2022 11:19",54,"-",206,"18.66808","98.01402",25,80,43,63,63,43,"Ban Mae La Ka",NULL,20,4,NULL,"Flu. Cold. Stomach. Flu","WASH","zcrm_361303000001881721","บ้านแม่ขอจู้",1992,"0101000020E61000005B5F24B4E5805840971C774A07AB3240"
"6b8238ef-017e-4592-97f7-58a3aa546216","Ban Mae khor","7/25/2022 11:19",17,"-",76,"18.61241","97.8565",40,29,35,24,23,35,"Ban Mae Ki",5,1,5,35,"Flu","WASH","zcrm_361303000001881722","บ้านแม่ขอ",2971,"0101000020E6100000894160E5D07658404DBED9E6C69C3240"
"077b2468-84aa-4fcb-bd4b-ed773b183215","Ban Mae Ko Pee","7/25/2022 11:19",82,"-",412,"18.70616","98.06654",40,170,42,120,122,42,"Ban Mae Jae",NULL,5,13,NULL,"Flu. Ulcer","WASH","zcrm_361303000001881724","บ้านแม่โกปี",1998,"0101000020E61000000EF8FC30428458404DBED9E6C6B43240"
"e9a5f57c-f675-4ed8-aabf-c58f4bbb47b9","Ban Mae Kwang Nua","7/25/2022 11:19",43,"Average (some paved road. some potholes)",176,"18.3165","98.01632",NULL,51,20,65,60,20,"Ban Huay Phueng",NULL,7,3,3,"3 Skin injection","WASH","zcrm_361303000001881727","บ้านแม่กวงเหนือ",1108,"0101000020E610000053910A630B8158401B2FDD2406513240"
"cd4f2f3b-747b-47ef-93b2-24b166dd3800","Ban Mae Kwang Tai","7/25/2022 11:19",45,"-",168,"18.29993","98.00051",50,95,30,35,38,30,"Ban Huay Phuang",NULL,6,7,30,"Flu and Ulcer","WASH","zcrm_361303000001881728","บ้านแม่กวงใต้",1108,"0101000020E61000008B54185B08805840DB166536C84C3240"
"0fb45805-c1df-464d-ae33-65dba725eaca","Ban Mae Lamong Nua","7/25/2022 11:19",34,"-",218,"18.42977","97.88109",30,79,30,67,72,30,"Ban Mae Su",NULL,12,15,30,"Flu. Ulcer","WASH","zcrm_361303000001881733","บ้านแม่ละมงเหนือ",3613,"0101000020E61000004AB54FC7637858404BCD1E68056E3240"
"d7805822-3756-4708-b71f-743fbbf21fcd","Ban Mae Lit Luang","7/25/2022 11:19",55,"-",305,"18.18921","98.13689",40,180,44,62,63,44,"Ban Mae Lid Pa Kae",NULL,5,NULL,NULL,"ulcer. high blood pressure. flu","Further Education Scholarships;WASH","zcrm_361303000001881736","บ้านแม่ลิตหลวง",866,"0101000020E6100000904946CEC28858407F130A1170303240"
"79f21605-6c74-4a8d-a88a-23bf531a6352","Ban Mae Na Jang Tai","7/25/2022 11:19",85,"-",480,"18.565","98.0989",50,NULL,75,NULL,NULL,75,"In the village",NULL,7,NULL,NULL,"Flu","Irrigation;WASH","zcrm_361303000001881738","บ้านแม่นาจางใต้",4319,"0101000020E6100000C364AA6054865840713D0AD7A3903240"
"70def93e-c572-4235-9bb5-25ac27833fb6","Ban Mae Najang Nua","7/25/2022 11:19",49,"-",448,"18.57837","98.08287",30,223,75,112,113,75,"Ban Kok Luang",NULL,2,15,NULL,"Diarrhea and Ulcer","WASH","zcrm_361303000001881740","บ้านแม่นาจังเหนือ",3152,"0101000020E610000073F4F8BD4D855840CEFC6A0E10943240"
"6b79c96f-f282-4eba-aa41-0ff94f9877d7","Ban Mae Nin Nai","7/25/2022 11:19",50,"-",261,"18.8933","98.13987",45,72,52,92,97,52,"Ban Na Hong",NULL,7,18,52,"Flu","WASH","zcrm_361303000001881742","บ้านแม่หนินใน",2003,"0101000020E610000042EC4CA1F38858404D840D4FAFE43240"
"a6cfd1e4-0f4a-458d-9ea0-aff71e8dfc6b","Ban Mae Ookhor Noi","7/25/2022 11:19",9,"-",54,"18.91044","98.07681",60,33,40,11,10,40,"Ban Pang Tong",3,2,22,NULL,"diarrhea","Further Education Scholarships;WASH","zcrm_361303000001881744","บ้านแม่อูกอรน้อย",1358,"0101000020E61000005E807D74EA84584062F8889812E93240"
"ea38834c-b19e-4e83-af11-b8157710159c","Ban Mae Ookhor Nua","7/25/2022 11:19",11,"-",59,"18.84619","98.04371",50,30,20,14,15,20,"Ban Pang Tong",4,NULL,4,NULL,NULL,"WASH","zcrm_361303000001881745","บ้านแม่อูคอเหนือ",1086,"0101000020E610000086200725CC825840C63368E89FD83240"
"6b3ca241-34ee-46fe-86ad-9d4ca8544a6f","Ban Mae Oom Pai Nua","7/25/2022 11:19",42,"-",228,"18.59939","98.02629",20,119,55,54,55,55,"Ban Mae To",NULL,9,5,NULL,NULL,"WASH","zcrm_361303000001881746","บ้านแม่อุ้มปายเหนือ",3697,"0101000020E61000008F8D40BCAE815840A88C7F9F71993240"
"28098b5d-bff1-45ae-bb93-ec6e62bc4cd1","Ban Mae Oomong","7/25/2022 11:19",38,"-",154,"19.51834","98.26003",50,70,18,42,42,18,"Pang Ma Pa",NULL,1,18,NULL,"Flu","Further Education Scholarships;WASH","zcrm_361303000001881747","บ้านแม่อุมลอง",3720,"0101000020E6100000A67EDE54A4905840693524EEB1843340"
"2d05291a-ded6-403e-ae94-5ae5ba93e1cb","Ban Mae Pa Luang","7/25/2022 11:19",28,"Average (some paved road. some potholes)",133,"17.86883","98.0263",50,37,42,61,35,20,"Ban Huay Muang School",4,1,4,20,"Flu","WASH","zcrm_361303000001881751","บ้านแม่ป่าลวง",336,"0101000020E6100000A1F831E6AE8158409FC893A46BDE3140"
"84729e78-48e1-4bc0-9fdd-a7c1570b03df","Ban Mae Pae","7/25/2022 11:19",65,"-",503,"19.00722","98.70691",50,169,90,173,161,90,"Sa La Jiang Tong",7,11,7,12,"Flu","Irrigation;Further Education Scholarships;WASH","zcrm_361303000001881752","บ้านแม่แปะ",634,"0101000020E6100000C8CD70033EAD58408BE07F2BD9013340"
"119a57ac-89f9-4e64-9437-51015f9d73f4","Ban Mae Sa Kud","7/25/2022 11:19",28,"-",130,"18.29699","98.0174",45,45,31,41,44,31,"Ban Mae Tia",NULL,7,35,5,NULL,"WASH","zcrm_361303000001881762","บ้านแม่สะกึ๊ด",1108,"0101000020E6100000D3BCE3141D815840323D6189074C3240"
"e30bb111-ef21-42cc-a32b-e91319614bd4","Ban Mae Sa Wan Luang","7/25/2022 11:19",50,"Average (some paved road. some potholes)",234,"18.18644","98.08458",NULL,92,32,71,71,32,"Ban Mae Lid",0,7,5,0,NULL,"WASH","zcrm_361303000001881763","บ้านแม่สวรรค์หลวง",868,"0101000020E610000053793BC2698558408FAA2688BA2F3240"
"6b29fab7-d52c-4c6f-80bf-e84d5fd9aeca","Ban Mae Samaeng","7/25/2022 11:19",24,"-",106,"18.44956","98.07254",NULL,43,56,44,67,56,"Ban Kad Luang",3,NULL,10,NULL,"Flu","WASH","zcrm_361303000001881766","บ้านแม่สะเมิง",3134,"0101000020E6100000B8E9CF7EA4845840FB96395D16733240"
"34140b61-e43e-438f-8271-f82b09206aa9","Ban Mae Sapueng Klang","7/25/2022 11:19",30,"-",112,"18.39894","98.02352",50,41,39,37,34,39,"Ban Mae Hu",3,5,12,39,"Flu and Ulcer","WASH","zcrm_361303000001881769","บ้านแม่สะปึ้งกลาง",1242,"0101000020E610000053B3075A81815840F5108DEE20663240"
"ce541841-ee75-4d08-a8e6-9b93323fe868","Ban Mae Saw","7/25/2022 11:19",38,"-",153,"18.72245","97.9478",50,45,20,54,54,20,"Ban Mueng Pong",5,8,5,NULL,NULL,"Irrigation;Further Education Scholarships;WASH","zcrm_361303000001881772","บ้านแม่ซอว",3264,"0101000020E610000086C954C1A87C5840C5FEB27BF2B83240"
"f75d0939-403f-47a9-9c1a-bd6924828705","Ban Mae Surin Noi","7/25/2022 11:19",17,"-",82,"18.94511","98.05146",30,35,45,23,24,45,"Ban Paw New Khei",NULL,2,4,NULL,"Flu. Ulcer","Further Education Scholarships;WASH","zcrm_361303000001881777","บ้านแม่สุรินทร์น้อย",3818,"0101000020E61000005743E21E4B835840601F9DBAF2F13240"
"40f1858d-c220-41d3-be79-9a5f8303c247","Ban Mae Tho Klang","7/25/2022 11:19",137,"-",428,"18.62173","98.02811",30,293,60,66,69,60,"In the village",NULL,2,NULL,NULL,"Flu and Ulcer","Irrigation;WASH","zcrm_361303000001881782","บ้านแม่โถกลาง",4322,"0101000020E610000032ACE28DCC8158402CF180B2299F3240"
"84d590f6-1f63-43d5-ae3c-a66dd1ab623c","Ban Mae Yod","7/25/2022 11:19",55,"-",281,"18.84447","98.15605",45,81,40,106,94,40,"Ban Pang Uhg",NULL,4,15,NULL,"Typhoid. Flue. Ulcer","WASH","zcrm_361303000001881788","บ้านแม่ยอด",2003,"0101000020E61000009CA223B9FC8958400074982F2FD83240"
"bd35c8c7-6a9d-450c-b54e-5f13ef7211ea","Ban Mai Poo Koo","7/25/2022 11:19",18,"Good (paved roads. few potholes)",74,"19.06048","98.32013",20,28,6,24,22,6,"Khun Yuam",NULL,8,6,NULL,"Stomach. Flu","WASH","zcrm_361303000001881794","บ้านใหม่ปูกู้",2764,"0101000020E6100000FC1D8A027D945840E40F069E7B0F3340"
"d4659308-47a6-465d-9472-6e882bbca0b4","Ban Manora","7/25/2022 11:19",31,"-",189,"19.31473","98.44322",NULL,68,25,58,63,25,"Pang Ma Pa",NULL,NULL,25,NULL,NULL,"WASH","zcrm_361303000001881796","บ้านมนรา",86,"0101000020E6100000B83B6BB75D9C5840F111312592503340"
"37ec088b-5179-40a6-bd84-a9ccb17bd1bf","Ban Muang Paem","7/25/2022 11:19",108,"-",528,"19.5833","98.30855",50,210,13,161,157,13,"Ban Tham Lod",NULL,NULL,6,NULL,"Flu. Ulcer","WASH","zcrm_361303000001881798","บ้านเมืองแพม",3715,"0101000020E610000092CB7F48BF935840BEC1172653953340"
"b4ba4c5d-d218-4dec-99f5-3b312b75c322","Ban Na Hua Laem","7/25/2022 11:19",42,"-",183,"18.87181","97.81282",50,54,30,65,64,30,"Ban Huay Na",NULL,13,5,NULL,"Flu. Ulcer. blood pressure","Further Education Scholarships;WASH","zcrm_361303000001881800","บ้านนาหัวแหลม",2990,"0101000020E610000039622D3E057458406553AEF02EDF3240"
"5236e78e-2d19-405f-896b-21f2d6b138c9","Ban Na Pa Pae","7/25/2022 11:19",35,"-",193,"18.48107","97.7637",50,46,90,83,64,90,"Ban Sa La Jiang Tong",7,9,7,90,"Flu","Irrigation;WASH","zcrm_361303000001881802","บ้านนาป่าแปก",3700,"0101000020E610000022FDF675E070584033164D67277B3240"
"0eb77941-6ef1-464d-91d1-7b4681b9682d","Ban Nong Muan","7/25/2022 11:19",85,"-",346,"18.48009","98.0942",30,245,52,46,55,52,"Ban Kok Luang",NULL,1,12,NULL,"Flu","Further Education Scholarships;WASH","zcrm_361303000001881811","บ้านหนองม่วน",3869,"0101000020E610000020D26F5F07865840FB22A12DE77A3240"
"db8fa0ec-b751-4692-8e4f-c4f4e70ad24b","Ban Nong Pak Nam","7/25/2022 11:19",51,"-",256,"18.10912","97.9365",15,98,7,77,81,5,"Mae Sariang",7,20,5,NULL,"Stomach. Flu","Further Education Scholarships;WASH","zcrm_361303000001881812","บ้านน้องปากน้ำ",3890,"0101000020E61000000E2DB29DEF7B5840EB56CF49EF1B3240"
"d40a4be8-b432-49cd-8b54-414623153c85","Ban Omlarn","7/25/2022 11:19",35,"-",197,"18.59847","98.19565",50,105,62,45,47,62,"Ban Pakae",NULL,5,4,NULL,"Flu. Ulcer","WASH","zcrm_361303000001881813","บ้านอมลาร์น",3880,"0101000020E610000098DD9387858C58401AA3755435993240"
"3afbdb5c-818b-45d9-b6a3-12d082ed179f","Ban Mae Pa Kae Tai","7/25/2022 11:19",40,"-",250,"18.61338","98.17514",30,80,94,84,86,94,"Ban Pa Kae",NULL,5,NULL,30,"ulcer. high blood pressure. flu","WASH","zcrm_361303000001881814","บ้านแม่ปากีใต้",4048,"0101000020E61000002C0E677E358B58403E05C078069D3240"
"ca8764a2-0287-4dfd-9fad-a57bfbd1a4fe","Ban Pa Kluay","7/25/2022 11:19",35,"Good (paved roads. few potholes)",117,"18.22223","98.0359",20,43,27,39,35,27,"Ban Mae Ho",2,3,22,27,"Flu","WASH","zcrm_361303000001881816","บ้านป่ากล้วย",982,"0101000020E61000004A7B832F4C825840A930B610E4383240"
"3dfaa78a-41ac-4dcf-857e-668d79581346","Ban Pa La Pi Nua","7/25/2022 11:19",18,"Very Poor (not paved. inaccesible in wet season)",69,"18.80271","98.23071",50,21,64,25,23,64,"Ban Pong Oong",8,2,10,64,NULL,"WASH","zcrm_361303000001881817","บ้านป่าลาปีนัว",4026,"0101000020E61000000D37E0F3C38E5840132C0E677ECD3240"
"bf2e24f1-0b41-466d-8380-f2b2d59e8666","Ban Pa La Pi Tai","7/25/2022 11:19",65,"Good (paved roads. few potholes)",323,"18.80372","98.231558",25,70,40,131,122,40,"Ban Pang Dong",0,15,17,80,NULL,"WASH","zcrm_361303000001881818","บ้านป่าละปิใต้",4025,"0101000020E61000002448A5D8D18E584020240B98C0CD3240"
"e0a8752d-41cb-4361-ba44-653c4e2db060","Ban Pae","7/25/2022 11:19",215,"-",2113,"18.22409","97.91208",20,318,8,94,1172,8,"Ban Sop Harn",NULL,3,NULL,NULL,"Flu. Ulcer","WASH","zcrm_361303000001881823","บ้านแพ",513,"0101000020E61000007CD5CA845F7A5840535C55F65D393240"
"dd998e1d-a2e5-40a5-b48a-50036e2948b6","Ban Pahuey","7/25/2022 11:19",24,"-",236,"18.16741","97.93263",30,169,46,33,34,46,"Ban Pakae",2,2,4,NULL,"Flu. Ulcer","WASH","zcrm_361303000001881825","บ้านผะเหวย",409,"0101000020E61000002F51BD35B07B5840FB05BB61DB2A3240"
"7359abea-85cc-41b5-85e7-399604d17b4b","Ban Pang Tong Tai","7/25/2022 11:19",12,"-",71,"18.91337","98.1294",70,31,20,20,20,20,"Ban Pang Tong",3,2,3,NULL,"Headache. Skin infection","WASH","zcrm_361303000001881831","บ้านปางตองใต้",1083,"0101000020E61000008E06F01648885840C425C79DD2E93240"
"6a0c0516-26f1-43ed-832a-b3822615ad30","Ban Mae Ookhor Luang","7/25/2022 5:43",49,"-",282,"18.88618","98.05073",15,117,17,83,82,17,"Ban Huay Pong",NULL,6,15,NULL,NULL,"Further Education Scholarships;WASH","zcrm_361303000001884078","-",3668,"0101000020E610000045BB0A293F835840895E46B1DCE23240"
"8bebfaec-e9f5-4a4e-8834-fe6c7a728c64","Ban Pha Daeng Luang","7/25/2022 11:19",90,"-",256,"18.57674","98.01635",60,NULL,60,NULL,NULL,60,"Ban Mae To",NULL,1,20,NULL,NULL,"Irrigation;WASH","zcrm_361303000001899093","บ้านผาแดงหลวง",3838,"0101000020E610000089D2DEE00B815840884B8E3BA5933240"
"e3006dba-b737-47ae-a277-9babeb7ab33a","Ban Pha La Pi","7/25/2022 11:19",28,"-",174,"18.80189","98.2298",50,65,40,55,54,42,"Ban Pang Ung",3,6,17,85,"Flu and Ulcer","WASH","zcrm_361303000001899094","บ้านผาลาปี",4026,"0101000020E6100000BB270F0BB58E58404CFDBCA948CD3240"
"49df12de-9a86-4d54-9568-4e8af4a05f42","Ban Piang Luang","7/25/2022 11:19",57,"-",454,"19.68282","98.62659",20,54,34,205,195,34,"Ban Mae Ki",3,4,3,NULL,NULL,"Further Education Scholarships;WASH","zcrm_361303000001899099","บ้านเปียงหลวง",3344,"0101000020E61000000A80F10C1AA85840020EA14ACDAE3340"
"77dd6fa5-70bb-4124-868b-95e1db763b16","Ban Prabart Huay Phueng","7/25/2022 11:19",52,"-",182,"18.47005","98.03474",50,62,40,62,58,40,"Ban Mae Hu",NULL,4,10,NULL,"Flu and Ulcer","WASH","zcrm_361303000001899102","บ้านพระบาทห้วยผึ้ง",1245,"0101000020E61000003CF71E2E398258401C7C613255783240"
"faaedea0-da3b-494f-9504-c4120fb3f1bb","Ban Sao Hin","7/25/2022 11:19",116,"-",426,"18.55079","97.66752",40,125,107,156,145,107,"Ban Sa La Jiang Tong",NULL,20,NULL,4,NULL,"Irrigation;WASH","zcrm_361303000001899109","บ้านเสาหิน",3701,"0101000020E6100000425BCEA5B86A5840BEF6CC92008D3240"
"7b915085-6c4f-40e2-b53e-d8ef2ee32bb6","Ban Siwader","7/25/2022 11:19",107,"-",423,"17.92466","97.76701",45,164,71,125,134,71,"Ban Mae Sam Laep",NULL,15,15,NULL,"Flu ans Ulcer","WASH","zcrm_361303000001899110","บ้านสิวาเดอ",3899,"0101000020E61000001E6D1CB1167158405BEB8B84B6EC3140"
"976d4c07-8d4d-46b1-970b-2c6f04446247","Ban Sob Mae Sa Top","7/25/2022 11:19",60,"-",351,"18.70611","98.24978",40,141,50,107,103,50,"Ban Na Hong",22,5,15,50,"Flu","WASH","zcrm_361303000001899111","บ้านสบแม่สะตอป",4049,"0101000020E610000079CC4065FC8F5840E960FD9FC3B43240"
"8ab938c2-3002-45c2-963f-fe76a2500b8a","Ban Sud Huay Na","7/25/2022 11:19",26,"-",129,"18.16981","98.14823",30,50,38,40,39,38,"Ban Mae Lid Pa Kae",NULL,2,10,NULL,"Flu. Ulcer","WASH","zcrm_361303000001899113","บ้านสดห้วยนา",866,"0101000020E61000004F92AE997C895840A4880CAB782B3240"
"8b00a40b-42c8-4365-8215-8562597d76d7","Ban Thung Ma Kham Pom","7/25/2022 11:19",65,"-",311,"18.95415","98.07761",40,104,42,106,101,42,"Ban Huay Mak Lang",4,5,8,4,"Flu and Ulcer","Further Education Scholarships;WASH","zcrm_361303000001899118","บ้านทุ่งมะขามป้อม",1357,"0101000020E6100000EDF5EE8FF7845840787AA52C43F43240"
"18a023b6-512d-4fa0-b960-ee0786e44c62","Ban Thung Pra Pon","7/25/2022 11:19",25,"-",135,"18.59948","98.20399",60,64,105,35,36,105,"Ban Pa Kae",8,10,NULL,40,"Flu and Ulcer","WASH","zcrm_361303000001899120","-",950,"0101000020E610000082AD122C0E8D5840289B728577993240"
"ee14fb8a-2631-47c0-ae2a-727a170ba36e","Ban Wa No","7/25/2022 11:19",98,"-",320,"18.7657","98.0091",35,135,28,90,95,28,"Ban Mae Jae",NULL,3,5,28,"Flu","WASH","zcrm_361303000001899122","บ้านวานอ",3670,"0101000020E610000031992A1895805840158C4AEA04C43240"
"7c1af767-d393-42fe-9171-8c6bbed70a7c","Ban Yod Phai","7/25/2022 11:19",35,"Average (some paved road. some potholes)",177,"18.84884","98.12946",20,30,35,90,57,35,"Ban Pang Ung",8,2,8,8,"Ulcer. Flu","WASH","zcrm_361303000001899124","บ้านยอดไผ่",4003,"0101000020E6100000F888981249885840618907944DD93240"
"182a899e-0d52-47e1-80fd-bfb5149f2e39","Ban Paw Naw Khi","7/25/2022 11:19",76,"-",379,"18.95964","98.08249",40,153,45,115,111,45,"In village",NULL,8,NULL,NULL,NULL,"Further Education Scholarships;WASH","zcrm_361303000001899140","บ้านพอนอคี",1357,"0101000020E6100000D00F238447855840F6EE8FF7AAF53240"
"b044cc88-26f7-484b-ab22-619563248a39","Ban Hua Mae La Ka","8/4/2022 5:36",36,"Very Poor (not paved. inaccesible in wet season)",175,"18.74628","98.07401",60,68,33,56,51,33,"Ban Pong Ung",NULL,5,8,8,"Flu and Ulcer","WASH","zcrm_361303000002044244","บ้านหัวแม่ลาก๊ะ",5804,"0101000020E6100000ED647094BC845840ACA8C1340CBF3240"
"eef07cf9-5fba-44ed-a503-66f83d484eb9","Ban Mae Ja","9/27/2022 10:00",81,"Good (paved roads. few potholes)",365,"18.990789","97.97441",40,NULL,35,128,135,-1,NULL,0,NULL,NULL,25,NULL,"Irrigation","zcrm_361303000002296049","บ้านแม่จ๋า",194,"0101000020E61000004EB9C2BB5C7E58408E3C1059A4FD3240"
"8fbbdc1d-8f2d-4adf-bbb0-c0cd8f8dad97","Ban Mae Laep","9/28/2022 2:59",280,"Good (paved roads. few potholes)",1135,"18.413644","97.863467",50,NULL,NULL,435,365,-1,NULL,NULL,NULL,NULL,NULL,NULL,"Irrigation","zcrm_361303000002304022","บ้านแม่แลบ",3613,"0101000020E6100000378B170B43775840C72FBC92E4693240"
"0a268c30-507b-4bc4-9e65-a8ebb330ca70","Ban Mae La Ngew","2022-11-18 11:08:57",70,"Average (some paved road. some potholes)",237,"18.41844","97.856597",-1,-1,20,95,85,20,"Ban Mae Leap",0,10,6,20,NULL,"Irrigation;Further Education Scholarships;WASH","zcrm_361303000002447085","บ้านแม่ละงิ้ว",3613,"0101000020E61000008236397CD2765840975643E21E6B3240"
"12f42a61-532e-49f8-bb3f-a5aa6eb4c0e3","Ban Huay Mai Dam","2023-01-19 06:24:20",44,"Average (some paved road. some potholes)",183,"19.216291","98.14891",20,-1,45,86,72,41,"Ban Huay Poo Ling",7,4,7,7,"Flu","Irrigation;WASH","zcrm_361303000002660046","บ้านห้วยไม้ดำ",924,"0101000020E61000000803CFBD878958404C6BD3D85E373340"
"adea51a9-2078-45b5-8def-db27be2c3a4e","Ban Thuan","2/20/2023 14:38",92,"Very Good (paved roads)",282,"18.51941","97.28241",60,NULL,14,148,134,14,"Ban Song Thasn",13,NULL,32,14,"Malaria. Typhoid. Cholera. Parasites","WASH","zcrm_361303000002764085","บ้านทวน",4701,"0101000020E61000000E846401135258402237C30DF8843240"
"0ebc56ab-0fcf-4f64-932e-e75b45c9a567","Ban Eh Vee Jo","5/2/2023 16:00",78,"Average (some paved road. some potholes)",367,"17.62537","98.07884",NULL,200,94,141,126,66,"Khri Khee",0,4,9,5,"Malaria. Typoid. Diarrhea",NULL,"zcrm_361303000002929061","-",3636,"0101000020E61000007767EDB60B85584047E6913F18A03140"
"fa9ace73-ead7-4f39-99a3-3fcb725c3263","Ban Pha Khae","5/30/2023 9:27",28,"Average (some paved road. some potholes)",107,"18.69036","97.80586",50,22,40,46,39,40,"Ban Mae Ki",5,NULL,8,40,"Malaria. Typhoid and Dengue Fever",NULL,"zcrm_361303000003002061","บ้านผาข่าย",2043,"0101000020E6100000E449D235937358407077D66EBBB03240"
"87107176-e59f-4611-b4ac-79e67ad85cb6","Ban Mae Hard","2023-06-26 07:11:35",29,"Very Good (paved roads)",213,"18.79521","98.03166",40,36,25,86,91,25,"Ban Hua Pon",0,-1,3,25,"Malaria. Typhoid. Ulcer and Flu","Irrigation;School Buses;WASH","zcrm_361303000003106067","บ้านแม่ฮาร์ด",3087,"0101000020E6100000D925AAB706825840C173EFE192CB3240"
"3faa37e0-0a46-46dc-a293-bd6f0f2347cd","Ban Mae Oom Long Noi","2023-12-18 14:27:43",73,"Average (some paved road. some potholes)",327,"18.249848","98.033506",-1,80,42,120,127,-1,NULL,-1,-1,-1,-1,NULL,"Irrigation;WASH","zcrm_361303000003625003","บ้านแม่อุมลองน้อย",983,"0101000020E6100000118E59F62482584094F8DC09F63F3240"
