โรงเรียนบ้านแม่เกาะวิทยา,แม่คะตวน,สบเมย,อนุบาล–ประถมศึกษา
โรงเรียนบ้านแม่ขีด,แม่นาจาง,แม่ลาน้อย,อนุบาล–มัธยมศึกษาตอนต้น
โรงเรียนบ้านแม่คะตวน,สบเมย,สบเมย,อนุบาล–ประถมศึกษา
โรงเรียนบ้านแม่แคะ,แม่สามแลบ,สบเมย,อนุบาล–ประถมศึกษา
โรงเรียนบ้านแม่งะ,แม่ลาน้อย,แม่ลาน้อย,อนุบาล–ประถมศึกษา
โรงเรียนบ้านแม่เงา,แม่สวด,สบเมย,อนุบาล–ประถมศึกษา
โรงเรียนบ้านแม่เงา สาขาบ้านกองอูม,แม่สวด,สบเมย,อนุบาล–ประถมศึกษา
โรงเรียนบ้านแม่จอ,แม่โถ,แม่ลาน้อย,อนุบาล–ประถมศึกษา
โรงเรียนบ้านแม่จ๊าง,แม่เหาะ,แม่สะเรียง,อนุบาล–มัธยมศึกษาตอนต้น
โรงเรียนบ้านแม่จ๊าง สาขาบ้านดงหลวง-ดงน้อย,แม่เหาะ,แม่สะเรียง,อนุบาล–ประถมศึกษา
โรงเรียนบ้านแม่ต้อบใต้,บ้านกาศ,แม่สะเรียง,อนุบาล–ประถมศึกษา
โรงเรียนบ้านแม่ต้อบเหนือ,บ้านกาศ,แม่สะเรียง,อนุบาล–ประถมศึกษา
โรงเรียนบ้านแม่ตอละ,แม่สามแลบ,สบเมย,อนุบาล–ประถมศึกษา
โรงเรียนบ้านแม่เตี๋ย,ท่าผาปุ้ม,แม่ลาน้อย,อนุบาล–ประถมศึกษา
โรงเรียนบ้านแม่โถ,แม่โถ,แม่ลาน้อย,อนุบาล–มัธยมศึกษาตอนต้น
โรงเรียนบ้านแม่โถใต้,แม่โถ,แม่ลาน้อย,อนุบาล–ประถมศึกษา
โรงเรียนบ้านแม่ทะลุ,สบเมย,สบเมย,อนุบาล–ประถมศึกษา
โรงเรียนบ้านแม่นาจาง,แม่นาจาง,แม่ลาน้อย,อนุบาล–ประถมศึกษา
โรงเรียนบ้านแม่นาจางเหนือ,แม่นาจาง,แม่ลาน้อย,อนุบาล–ประถมศึกษา
โรงเรียนบ้านแม่ปอถ่า,ท่าผาปุ้ม,แม่ลาน้อย,อนุบาล–ประถมศึกษา
โรงเรียนบ้านแม่ปาง,สันติคีรี,แม่ลาน้อย,อนุบาล–ประถมศึกษา
โรงเรียนบ้านแม่ปุ่น,ป่าแป๋,แม่สะเรียง,อนุบาล–ประถมศึกษา
โรงเรียนบ้านแม่แพ,กองก๋อย,สบเมย,อนุบาล–ประถมศึกษา
โรงเรียนบ้านแม่แพน้อย,กองก๋อย,สบเมย,อนุบาล–ประถมศึกษา
โรงเรียนบ้านแม่แพหลวง,แม่สวด,สบเมย,อนุบาล–ประถมศึกษา
โรงเรียนบ้านแม่ละ,ป่าแป๋,แม่สะเรียง,อนุบาล–ประถมศึกษา
โรงเรียนบ้านแม่ลาผาไหว,ขุนแม่ลาน้อย,แม่ลาน้อย,อนุบาล–ประถมศึกษา
โรงเรียนบ้านแม่ลามา,สบเมย,สบเมย,อนุบาล–ประถมศึกษา
โรงเรียนบ้านแม่ลาย,ป่าโปง,สบเมย,อนุบาล–ประถมศึกษา
โรงเรียนบ้านแม่ลิด,แม่เหาะ,แม่สะเรียง,อนุบาล–มัธยมศึกษาตอนต้น
โรงเรียนบ้านแม่แลบ,แม่ลาน้อย,แม่ลาน้อย,อนุบาล–มัธยมศึกษาตอนต้น
โรงเรียนบ้านแม่และ,ห้วยห้อม,แม่ลาน้อย,อนุบาล–ประถมศึกษา
โรงเรียนบ้านแม่สวด,แม่สวด,สบเมย,อนุบาล–มัธยมศึกษาตอนต้น
โรงเรียนบ้านแม่สวรรค์น้อย,แม่เหาะ,แม่สะเรียง,อนุบาล–ประถมศึกษา
โรงเรียนบ้านแม่สวรรค์หลวง,แม่เหาะ,แม่สะเรียง,อนุบาล–ประถมศึกษา
โรงเรียนบ้านแม่สะกั๊วะ,ท่าผาปุ้ม,แม่ลาน้อย,อนุบาล–ประถมศึกษา
โรงเรียนบ้านแม่สะกึ๊ด,ท่าผาปุ้ม,แม่ลาน้อย,อนุบาล–ประถมศึกษา
โรงเรียนบ้านแม่สะปึ๋ง,แม่ลาน้อย,แม่ลาน้อย,อนุบาล–ประถมศึกษา
โรงเรียนบ้านแม่สะปึ๋งใต้,แม่ลาน้อย,แม่ลาน้อย,อนุบาล–ประถมศึกษา
โรงเรียนบ้านแม่สะแมง,แม่นาจาง,แม่ลาน้อย,อนุบาล–ประถมศึกษา
โรงเรียนบ้านแม่สะเรียง,แม่สะเรียง,แม่สะเรียง,อนุบาล–ประถมศึกษา
โรงเรียนบ้านแม่สะลาบ,แม่คง,แม่สะเรียง,อนุบาล–ประถมศึกษา
โรงเรียนบ้านแม่สามแลบ,แม่สามแลบ,สบเมย,อนุบาล–ประถมศึกษา
โรงเรียนบ้านแม่สุ,แม่ลาหลวง,แม่ลาน้อย,อนุบาล–ประถมศึกษา
โรงเรียนบ้านแม่หลุย,แม่สวด,สบเมย,อนุบาล–ประถมศึกษา
โรงเรียนบ้านแม่หาด,แม่สวด,สบเมย,อนุบาล–ประถมศึกษา
โรงเรียนบ้านแม่หาร,บ้านกาศ,แม่สะเรียง,อนุบาล–ประถมศึกษา
โรงเรียนบ้านแม่อมลาน,ขุนแม่ลาน้อย,แม่ลาน้อย,อนุบาล–ประถมศึกษา
โรงเรียนบ้านแม่ออก,แม่คะตวน,สบเมย,อนุบาล–ประถมศึกษา