Record Id,Town/District Name,Phone,Email,Website,GL Account,Category,Town/District Owner.id,Created By.id,Modified By.id,Created Time,Modified Time,Currency,Exchange Rate,Street,City,Province,Postal Code,Country,Description,Layout.id,Tag,Town/District Image,User Modified Time,System Related Activity Time,User Related Activity Time,System Modified Time,Sub-District Id,District Id,Typ,GPS Latitude,Address,GPS Longitude,Sub-District (if not one) Id,Types,Locked
zcrm_361303000000401941,Mae Na Jang,,,,,,zcrm_361303000000269001,zcrm_361303000000269001,zcrm_361303000000269001,2021-09-22 17:33:58,2021-09-23 11:06:01,,,,,,,,,,,,2021-09-23 11:06:01,,,,,,Sub-District,,,,,Sub-District,false
zcrm_361303000000401954,Mae La Noi,,,,,,zcrm_361303000000269001,zcrm_361303000000269001,zcrm_361303000000269001,2021-09-22 17:34:13,2021-09-23 11:00:06,,,,,,,,,,,,2021-09-23 11:00:06,,,,,,Town,,,,,Town;District,false
zcrm_361303000000401970,Ban Mae Na Jang Tai,,,,,,zcrm_361303000000269001,zcrm_361303000000269001,zcrm_361303000000269001,2021-09-22 17:36:05,2021-09-23 11:00:20,,,,,,,,,,,,2021-09-23 11:00:20,,,,,,Town,,,,,Town,false
zcrm_361303000000401980,Ban Mae Kheed,,,,,,zcrm_361303000000269001,zcrm_361303000000269001,zcrm_361303000000269001,2021-09-22 17:36:28,2021-09-23 11:06:08,,,,,,,,,,,,2021-09-23 11:06:08,,,,,,Town,,,,,Town,false
zcrm_361303000000461047,Mae U-Khor,,,,,,zcrm_361303000000269001,zcrm_361303000000269001,zcrm_361303000000269001,2021-09-27 10:33:00,2021-09-27 10:33:00,,,,,,,,,,,,,,,,,,,,,,,District,false
zcrm_361303000000461057,Khun Yuam,,,,,,zcrm_361303000000269001,zcrm_361303000000269001,zcrm_361303000000269001,2021-09-27 10:40:14,2022-07-14 07:36:19,,,,,,,,,,,,2022-07-14 07:36:19,,,,,,,,,,,Town;District;Sub-District,false
zcrm_361303000000461077,Khun Yuam Wittaya,,,,,,zcrm_361303000000269001,zcrm_361303000000269001,zcrm_361303000000269001,2021-09-27 10:41:32,2021-10-28 12:29:39,,,,,,,,,,,,2021-10-28 12:29:39,,,,,,,,,,,School,false
zcrm_361303000000461087,Ban Kham Suk,,,,,,zcrm_361303000000269001,zcrm_361303000000269001,zcrm_361303000000269001,2021-09-27 10:41:40,2021-10-28 12:29:19,,,,,,,,,,,,2021-10-28 12:29:19,,,,,,,,,,,School,false
zcrm_361303000000521090,Mae Sariang,,,,,,zcrm_361303000000269001,zcrm_361303000000269001,zcrm_361303000000269001,2021-10-27 14:43:03,2021-10-27 14:43:03,,,,,,,,,,,,,,,,,,,,,,,District,false
zcrm_361303000000521157,Sang Waln Wittaya,,,,,,zcrm_361303000000269001,zcrm_361303000000269001,zcrm_361303000000269001,2021-10-27 14:47:26,2021-10-28 12:28:54,,,,,,,,,,,,2021-10-28 12:28:54,,,,,,,,,,,School,false
zcrm_361303000000521194,Ban Mae Ho,,,,,,zcrm_361303000000269001,zcrm_361303000000269001,zcrm_361303000000269001,2021-10-27 14:49:13,2021-10-27 14:49:13,,,,,,,,,,,,,,,,,,,,,,,Town,false
zcrm_361303000000522050,Ban Huay Peung Mai,,,,,,zcrm_361303000000269001,zcrm_361303000000269001,zcrm_361303000000269001,2021-10-28 11:22:10,2021-10-28 12:28:32,,,,,,,,,,,,2021-10-28 12:28:32,,,,,,,,,,,School,false
zcrm_361303000000528033,Ban Huay San,,,,,,zcrm_361303000000269001,zcrm_361303000000269001,zcrm_361303000000269001,2021-10-28 12:32:09,2021-10-28 12:32:09,,,,,,,,,zcrm_361303000000032059,,,,,,,,,,,,,,School,false
zcrm_361303000000528034,Ban Mae Khi,,,,,,zcrm_361303000000269001,zcrm_361303000000269001,zcrm_361303000000269001,2021-10-28 12:32:09,2021-10-28 12:32:09,,,,,,,,,zcrm_361303000000032059,,,,,,,,,,,,,,School,false
zcrm_361303000000528035,Ban Mae Sapei Tai,,,,,,zcrm_361303000000269001,zcrm_361303000000269001,zcrm_361303000000269001,2021-10-28 12:32:09,2021-10-28 12:32:09,,,,,,,,,zcrm_361303000000032059,,,,,,,,,,,,,,School,false
zcrm_361303000000528036,Ban Mae Tho,,,,,,zcrm_361303000000269001,zcrm_361303000000269001,zcrm_361303000000269001,2021-10-28 12:32:09,2021-10-28 12:32:09,,,,,,,,,zcrm_361303000000032059,,,,,,,,,,,,,,School,false
zcrm_361303000000528037,Ban Pha Larn,,,,,,zcrm_361303000000269001,zcrm_361303000000269001,zcrm_361303000000269001,2021-10-28 12:32:09,2021-10-28 12:32:09,,,,,,,,,zcrm_361303000000032059,,,,,,,,,,,,,,School,false
zcrm_361303000000528038,Mae La Noi Duransik,,,,,,zcrm_361303000000269001,zcrm_361303000000269001,zcrm_361303000000269001,2021-10-28 12:32:09,2021-10-28 12:32:09,,,,,,,,,zcrm_361303000000032059,,,,,,,,,,,,,,School,false
zcrm_361303000000528039,Ban Huay Pueng Mai,,,,,,zcrm_361303000000269001,zcrm_361303000000269001,zcrm_361303000000269001,2021-10-28 12:32:09,2021-10-28 12:32:09,,,,,,,,,zcrm_361303000000032059,,,,,,,,,,,,,,School,false
zcrm_361303000000528040,Ban Mae La Pa Wai,,,,,,zcrm_361303000000269001,zcrm_361303000000269001,zcrm_361303000000269001,2021-10-28 12:32:09,2021-10-28 12:32:09,,,,,,,,,zcrm_361303000000032059,,,,,,,,,,,,,,School,false
zcrm_361303000000528041,Ban Mae Tho Tai,,,,,,zcrm_361303000000269001,zcrm_361303000000269001,zcrm_361303000000269001,2021-10-28 12:32:09,2021-10-28 12:32:09,,,,,,,,,zcrm_361303000000032059,,,,,,,,,,,,,,School,false
zcrm_361303000000528042,Mae Sariang Vocational College,,,,,,zcrm_361303000000269001,zcrm_361303000000269001,zcrm_361303000000269001,2021-10-28 12:32:09,2021-10-28 12:32:09,,,,,,,,,zcrm_361303000000032059,,,,,,,,,,,,,,School,false
zcrm_361303000000528044,Chiang Rai Rajaphat University,,,,,,zcrm_361303000000269001,zcrm_361303000000269001,zcrm_361303000000269001,2021-10-28 12:32:09,2021-10-28 12:32:09,,,,,,,,,zcrm_361303000000032059,,,,,,,,,,,,,,School,false
zcrm_361303000000528045,Mae Hong Son Rajaphat University,,,,,,zcrm_361303000000269001,zcrm_361303000000269001,zcrm_361303000000269001,2021-10-28 12:32:09,2021-10-28 12:32:09,,,,,,,,,zcrm_361303000000032059,,,,,,,,,,,,,,School,false
zcrm_361303000000528046,Burapha University,,,,,,zcrm_361303000000269001,zcrm_361303000000269001,zcrm_361303000000269001,2021-10-28 12:32:09,2021-10-28 12:32:09,,,,,,,,,zcrm_361303000000032059,,,,,,,,,,,,,,School,false
zcrm_361303000000528047,Ban Mae oom Pai,,,,,,zcrm_361303000000269001,zcrm_361303000000269001,zcrm_361303000000269001,2021-10-28 12:32:09,2021-10-28 12:32:09,,,,,,,,,zcrm_361303000000032059,,,,,,,,,,,,,,School,false
zcrm_361303000000528048,Chaing Mai Rajaphat University,,,,,,zcrm_361303000000269001,zcrm_361303000000269001,zcrm_361303000000269001,2021-10-28 12:32:09,2021-10-28 12:32:09,,,,,,,,,zcrm_361303000000032059,,,,,,,,,,,,,,School,false
zcrm_361303000000528049,Chiang Mai Technical College,,,,,,zcrm_361303000000269001,zcrm_361303000000269001,zcrm_361303000000269001,2021-10-28 12:32:09,2021-10-28 12:32:09,,,,,,,,,zcrm_361303000000032059,,,,,,,,,,,,,,School,false
zcrm_361303000000528050,Lampang Rajabhat University,,,,,,zcrm_361303000000269001,zcrm_361303000000269001,zcrm_361303000000269001,2021-10-28 12:32:09,2021-10-28 12:32:09,,,,,,,,,zcrm_361303000000032059,,,,,,,,,,,,,,School,false
zcrm_361303000000528051,Mahamakut Ratchawittayalai University,,,,,,zcrm_361303000000269001,zcrm_361303000000269001,zcrm_361303000000269001,2021-10-28 12:32:09,2021-10-28 12:32:09,,,,,,,,,zcrm_361303000000032059,,,,,,,,,,,,,,School,false
zcrm_361303000000528052,Chomthong Industrial and Community Education College,,,,,,zcrm_361303000000269001,zcrm_361303000000269001,zcrm_361303000000269001,2021-10-28 12:32:09,2021-10-28 12:32:09,,,,,,,,,zcrm_361303000000032059,,,,,,,,,,,,,,School,false
zcrm_361303000000528053,Ban Mae Oompai Nua,,,,,,zcrm_361303000000269001,zcrm_361303000000269001,zcrm_361303000000269001,2021-10-28 12:32:09,2021-10-28 12:32:09,,,,,,,,,zcrm_361303000000032059,,,,,,,,,,,,,,School,false
zcrm_361303000000528054,Ban Mae Yuam Luang,,,,,,zcrm_361303000000269001,zcrm_361303000000269001,zcrm_361303000000269001,2021-10-28 12:32:09,2021-10-28 12:32:09,,,,,,,,,zcrm_361303000000032059,,,,,,,,,,,,,,School,false
zcrm_361303000000528055,Ban Aa Ngiew,,,,,,zcrm_361303000000269001,zcrm_361303000000269001,zcrm_361303000000269001,2021-10-28 12:32:09,2021-10-28 12:32:09,,,,,,,,,zcrm_361303000000032059,,,,,,,,,,,,,,School,false
zcrm_361303000000534466,Mae La Noi Raj Ba Cha,,,,,,zcrm_361303000000269001,zcrm_361303000000269001,zcrm_361303000000269001,2021-10-28 17:03:25,2021-10-28 17:03:25,,,,,,,,,,,,,,,,,,,,,,,School,false
zcrm_361303000000534476,Ban Khun Mae La Noi,,,,,,zcrm_361303000000269001,zcrm_361303000000269001,zcrm_361303000000269001,2021-10-28 17:04:32,2021-10-28 17:04:32,,,,,,,,,,,,,,,,,,,,,,,Town,false
zcrm_361303000000543045,Ban Pa Maak,,,,,,zcrm_361303000000269001,zcrm_361303000000269001,zcrm_361303000000269001,2021-11-01 16:03:52,2021-11-01 16:03:52,,,,,,,,,,,,,,,,,,,,,,,School;Town,false
zcrm_361303000000546007,Ban Pattana Poo Koo,,,,,,zcrm_361303000000269001,zcrm_361303000000269001,zcrm_361303000000269001,2021-11-01 16:26:04,2021-11-01 16:26:04,,,,,,,,,,,,,,,,,,,,,,,School;Town,false
zcrm_361303000000546079,Ban Kok Luang,,,,,,zcrm_361303000000269001,zcrm_361303000000269001,zcrm_361303000000269001,2021-11-01 16:58:05,2021-11-01 16:58:05,,,,,,,,,,,,,,,,,,,,,,,Town,false
zcrm_361303000000654011,Ban Pho So,,,,,,zcrm_361303000000269001,zcrm_361303000000269001,zcrm_361303000000269001,2021-11-19 08:27:23,2021-11-19 08:27:23,,,,,,,,,,,,,,,,,,,,,,,School,false
zcrm_361303000000667033,Mae Chaem,,,,,,zcrm_361303000000269001,zcrm_361303000000269001,zcrm_361303000000269001,2021-11-22 08:00:13,2022-07-14 07:44:29,,,,,,,,,,,,2022-07-14 07:44:29,,,,,,,,,,,Town,false
zcrm_361303000000667043,Ban Pha La Pi Tai,,,,,,zcrm_361303000000269001,zcrm_361303000000269001,zcrm_361303000000269001,2021-11-22 08:03:17,2021-11-22 08:03:17,,,,,,,,,,,,,,,,,,,,,,,School,false
zcrm_361303000000704013,Ban Huay Ton Noon,,,,,,zcrm_361303000000269001,zcrm_361303000000269001,zcrm_361303000000269001,2021-11-26 04:58:43,2021-11-26 04:58:43,,,,,,,,,,,,,,,,,,,,,,,School;Town,false
zcrm_361303000000704067,Ban Huay Hia,,,,,,zcrm_361303000000269001,zcrm_361303000000269001,zcrm_361303000000269001,2021-11-26 05:28:05,2021-11-26 05:28:05,,,,,,,,,,,,,,,,,,,,,,,School;Town,false
zcrm_361303000000704077,Ban Po Saw,,,,,,zcrm_361303000000269001,zcrm_361303000000269001,zcrm_361303000000269001,2021-11-26 05:28:51,2021-11-26 05:28:51,,,,,,,,,,,,,,,,,,,,,,,School,false
zcrm_361303000000707052,Ban Hua Mae Tho,,,,,,zcrm_361303000000269001,zcrm_361303000000269001,zcrm_361303000000269001,2021-11-26 07:05:16,2021-11-26 07:05:16,,,,,,,,,,,,,,,,,,,,,,,School;Town,false
zcrm_361303000000707122,Ban Mae Lor,,,,,,zcrm_361303000000269001,zcrm_361303000000269001,zcrm_361303000000269001,2021-11-26 07:48:59,2021-11-26 07:48:59,,,,,,,,,,,,,,,,,,,,,,,School;Town,false
zcrm_361303000000707256,Ban Huay Na,,,,,,zcrm_361303000000269001,zcrm_361303000000269001,zcrm_361303000000269001,2021-11-26 09:09:30,2021-11-26 09:09:30,,,,,,,,,,,,,,,,,,,,,,,School;Town,false
zcrm_361303000000716100,Ban Nong Heang,,,,,,zcrm_361303000000269001,zcrm_361303000000269001,zcrm_361303000000269001,2021-11-28 05:58:33,2021-11-28 06:09:53,,,,,,,,,,,,2021-11-28 06:09:53,,,,,,,,,,,School;Town,false
zcrm_361303000000716147,Muang,,,,,,zcrm_361303000000269001,zcrm_361303000000269001,zcrm_361303000000269001,2021-11-28 06:29:51,2021-11-28 06:29:51,,,,,,,,,,,,,,,,,,,,,,,District,false
zcrm_361303000000716157,Mae Hong Son,,,,,,zcrm_361303000000269001,zcrm_361303000000269001,zcrm_361303000000269001,2021-11-28 06:30:15,2021-11-28 06:30:15,,,,,,,,,,,,,,,,,,,,,,,Town;Province,false
zcrm_361303000000716167,Ban Mae Ja,,,,,,zcrm_361303000000269001,zcrm_361303000000269001,zcrm_361303000000269001,2021-11-28 06:33:57,2021-11-28 06:33:57,,,,,,,,,,,,,,,,,,,,,,,School;Town,false
zcrm_361303000000716235,Ban Sa La Jiang Tong,,,,,,zcrm_361303000000269001,zcrm_361303000000269001,zcrm_361303000000269001,2021-11-28 06:56:59,2022-07-14 07:30:45,,,,,,,,,,,,2022-07-14 07:30:45,,,,,,,,,,,School,false
zcrm_361303000000814174,Ban Mae Poon,,,,,,zcrm_361303000000269001,zcrm_361303000000269001,zcrm_361303000000269001,2021-12-21 12:26:42,2021-12-21 12:26:42,,,,,,,,,,,,,,,,,,,,,,,School;Town,false
zcrm_361303000001197151,Ban Mae Suk,,,,,,zcrm_361303000000269001,zcrm_361303000000269001,zcrm_361303000000269001,2022-03-09 09:07:50,2022-03-09 09:07:50,,,,,,,,,,,,,,,,,,,,,,,School;Town,false
zcrm_361303000001443554,Mai La Noi,,,,,,zcrm_361303000000269001,zcrm_361303000000269001,zcrm_361303000000269001,2022-05-12 10:38:18,2022-05-12 10:38:18,,,,,,,,,,,,,,,,,,,,,,,District,false
zcrm_361303000001443590,Ban Huay Poo Ling School,,,,,,zcrm_361303000000269001,zcrm_361303000000269001,zcrm_361303000000269001,2022-05-12 11:08:05,2022-05-12 11:08:05,,,,,,,,,,,,,,,,,,,,,,,School,false
zcrm_361303000001455082,Ban Mae Tia,,,,,,zcrm_361303000000269001,zcrm_361303000000269001,zcrm_361303000000269001,2022-05-12 16:42:17,2022-05-12 16:42:17,,,,,,,,,,,,,,,,,,,,,,,School;Town,false
zcrm_361303000001611122,Lamphun Vocational College,,,,,,zcrm_361303000000269001,zcrm_361303000000269001,zcrm_361303000000269001,2022-06-01 06:53:32,2022-06-01 06:53:32,,,,,,,,,,,,,,,,,,,,,,,School,false
zcrm_361303000001611318,Rajamangala Lanna University of Technology,,,,,,zcrm_361303000000269001,zcrm_361303000000269001,zcrm_361303000000269001,2022-06-01 08:01:18,2022-06-01 08:01:18,,,,,,,,,,,,,,,,,,,,,,,School,false
zcrm_361303000001611404,Chiang Mai Vocational College,,,,,,zcrm_361303000000269001,zcrm_361303000000269001,zcrm_361303000000269001,2022-06-01 08:09:11,2022-06-01 08:09:11,,,,,,,,,,,,,,,,,,,,,,,School,false
zcrm_361303000001611440,Mae Hong Son Vocational College,,,,,,zcrm_361303000000269001,zcrm_361303000000269001,zcrm_361303000000269001,2022-06-01 08:13:18,2022-06-01 08:13:18,,,,,,,,,,,,,,,,,,,,,,,School,false
zcrm_361303000001611522,Phayao College of Agriculture and Technology,,,,,,zcrm_361303000000269001,zcrm_361303000000269001,zcrm_361303000000269001,2022-06-01 08:21:19,2022-06-01 08:21:19,,,,,,,,,,,,,,,,,,,,,,,School,false
zcrm_361303000001611586,Sob Moei,,,,,,zcrm_361303000000269001,zcrm_361303000000269001,zcrm_361303000000269001,2022-06-01 08:27:30,2022-06-01 08:27:30,,,,,,,,,zcrm_361303000000032059,,,,,,,,,,,,,,District,false
zcrm_361303000001699023,Mae Sot Technical College,,,,,,zcrm_361303000000269001,zcrm_361303000000269001,zcrm_361303000000269001,2022-06-20 07:14:32,2022-06-20 07:14:32,,,,,,,,,,,,,,,,,,,,,,,School,false
zcrm_361303000001881109,Anu Ban Mae La Noi School,,,,,,zcrm_361303000000269001,zcrm_361303000000269001,zcrm_361303000000269001,2022-07-25 11:02:46,2022-07-25 11:02:46,,,,,,,,,zcrm_361303000000032059,,,,,,,,,,,,,,School,false
zcrm_361303000001881110,Ba Hua Mae Surin,,,,,,zcrm_361303000000269001,zcrm_361303000000269001,zcrm_361303000000269001,2022-07-25 11:02:46,2022-07-25 11:02:46,,,,,,,,,zcrm_361303000000032059,,,,,,,,,,,,,,School,false
zcrm_361303000001881111,Ban Chan,,,,,,zcrm_361303000000269001,zcrm_361303000000269001,zcrm_361303000000269001,2022-07-25 11:02:46,2022-07-25 11:02:46,,,,,,,,,zcrm_361303000000032059,,,,,,,,,,,,,,District,false
zcrm_361303000001881112,Ban Fak Thong,,,,,,zcrm_361303000000269001,zcrm_361303000000269001,zcrm_361303000000269001,2022-07-25 11:02:46,2022-07-25 11:02:46,,,,,,,,,zcrm_361303000000032059,,,,,,,,,,,,,,School,false
zcrm_361303000001881113,Ban Goong Song Nua,,,,,,zcrm_361303000000269001,zcrm_361303000000269001,zcrm_361303000000269001,2022-07-25 11:02:46,2022-07-25 11:02:46,,,,,,,,,zcrm_361303000000032059,,,,,,,,,,,,,,School,false
zcrm_361303000001881114,Ban Goong Sum Tai,,,,,,zcrm_361303000000269001,zcrm_361303000000269001,zcrm_361303000000269001,2022-07-25 11:02:46,2022-07-25 11:02:46,,,,,,,,,zcrm_361303000000032059,,,,,,,,,,,,,,School,false
zcrm_361303000001881115,Ban Hak Mai Tai School,,,,,,zcrm_361303000000269001,zcrm_361303000000269001,zcrm_361303000000269001,2022-07-25 11:02:46,2022-07-25 11:02:46,,,,,,,,,zcrm_361303000000032059,,,,,,,,,,,,,,School,false
zcrm_361303000001881116,Ban Hua La,,,,,,zcrm_361303000000269001,zcrm_361303000000269001,zcrm_361303000000269001,2022-07-25 11:02:46,2022-07-25 11:02:46,,,,,,,,,zcrm_361303000000032059,,,,,,,,,,,,,,School,false
zcrm_361303000001881117,Ban Huang Muang School,,,,,,zcrm_361303000000269001,zcrm_361303000000269001,zcrm_361303000000269001,2022-07-25 11:02:46,2022-07-25 11:02:46,,,,,,,,,zcrm_361303000000032059,,,,,,,,,,,,,,School,false
zcrm_361303000001881118,Ban Huay Dua School,,,,,,zcrm_361303000000269001,zcrm_361303000000269001,zcrm_361303000000269001,2022-07-25 11:02:46,2022-07-25 11:02:46,,,,,,,,,zcrm_361303000000032059,,,,,,,,,,,,,,School,false
zcrm_361303000001881119,Ban Huay Hia Klang,,,,,,zcrm_361303000000269001,zcrm_361303000000269001,zcrm_361303000000269001,2022-07-25 11:02:46,2022-07-25 11:02:46,,,,,,,,,zcrm_361303000000032059,,,,,,,,,,,,,,School,false
zcrm_361303000001881120,Ban Huay Kai Pa,,,,,,zcrm_361303000000269001,zcrm_361303000000269001,zcrm_361303000000269001,2022-07-25 11:02:46,2022-07-25 11:02:46,,,,,,,,,zcrm_361303000000032059,,,,,,,,,,,,,,School,false
zcrm_361303000001881121,Ban Huay Kung,,,,,,zcrm_361303000000269001,zcrm_361303000000269001,zcrm_361303000000269001,2022-07-25 11:02:46,2022-07-25 11:02:46,,,,,,,,,zcrm_361303000000032059,,,,,,,,,,,,,,School,false
zcrm_361303000001881122,Ban Huay Ma Kok,,,,,,zcrm_361303000000269001,zcrm_361303000000269001,zcrm_361303000000269001,2022-07-25 11:02:46,2022-07-25 11:02:46,,,,,,,,,zcrm_361303000000032059,,,,,,,,,,,,,,School,false
zcrm_361303000001881123,Ban Huay Mak Noon,,,,,,zcrm_361303000000269001,zcrm_361303000000269001,zcrm_361303000000269001,2022-07-25 11:02:46,2022-07-25 11:02:46,,,,,,,,,zcrm_361303000000032059,,,,,,,,,,,,,,School,false
zcrm_361303000001881124,Ban Huay Mueang School,,,,,,zcrm_361303000000269001,zcrm_361303000000269001,zcrm_361303000000269001,2022-07-25 11:02:46,2022-07-25 11:02:46,,,,,,,,,zcrm_361303000000032059,,,,,,,,,,,,,,School,false
zcrm_361303000001881125,Ban Huay Ngao,,,,,,zcrm_361303000000269001,zcrm_361303000000269001,zcrm_361303000000269001,2022-07-25 11:02:46,2022-07-25 11:02:46,,,,,,,,,zcrm_361303000000032059,,,,,,,,,,,,,,School,false
zcrm_361303000001881126,Ban Huay Pla Kang,,,,,,zcrm_361303000000269001,zcrm_361303000000269001,zcrm_361303000000269001,2022-07-25 11:02:46,2022-07-25 11:02:46,,,,,,,,,zcrm_361303000000032059,,,,,,,,,,,,,,School,false
zcrm_361303000001881127,Ban Khun Mae La,,,,,,zcrm_361303000000269001,zcrm_361303000000269001,zcrm_361303000000269001,2022-07-25 11:02:46,2022-07-25 11:02:46,,,,,,,,,zcrm_361303000000032059,,,,,,,,,,,,,,School,false
zcrm_361303000001881128,Ban Khun Mae Ruam,,,,,,zcrm_361303000000269001,zcrm_361303000000269001,zcrm_361303000000269001,2022-07-25 11:02:46,2022-07-25 11:02:46,,,,,,,,,zcrm_361303000000032059,,,,,,,,,,,,,,School,false
zcrm_361303000001881129,Ban Khun Wong Nua School,,,,,,zcrm_361303000000269001,zcrm_361303000000269001,zcrm_361303000000269001,2022-07-25 11:02:46,2022-07-25 11:02:46,,,,,,,,,zcrm_361303000000032059,,,,,,,,,,,,,,School,false
zcrm_361303000001881130,Ban Khun Wong Tai,,,,,,zcrm_361303000000269001,zcrm_361303000000269001,zcrm_361303000000269001,2022-07-25 11:02:46,2022-07-25 11:02:46,,,,,,,,,zcrm_361303000000032059,,,,,,,,,,,,,,School,false
zcrm_361303000001881131,Ban Mae Hong,,,,,,zcrm_361303000000269001,zcrm_361303000000269001,zcrm_361303000000269001,2022-07-25 11:02:46,2022-07-25 11:02:46,,,,,,,,,zcrm_361303000000032059,,,,,,,,,,,,,,School,false
zcrm_361303000001881132,Ban Mae Hu,,,,,,zcrm_361303000000269001,zcrm_361303000000269001,zcrm_361303000000269001,2022-07-25 11:02:46,2022-07-25 11:02:46,,,,,,,,,zcrm_361303000000032059,,,,,,,,,,,,,,School,false
zcrm_361303000001881133,Ban Mae Jae,,,,,,zcrm_361303000000269001,zcrm_361303000000269001,zcrm_361303000000269001,2022-07-25 11:02:46,2022-07-25 11:02:46,,,,,,,,,zcrm_361303000000032059,,,,,,,,,,,,,,School,false
zcrm_361303000001881134,Ban Mae Jang,,,,,,zcrm_361303000000269001,zcrm_361303000000269001,zcrm_361303000000269001,2022-07-25 11:02:46,2022-07-25 11:02:46,,,,,,,,,zcrm_361303000000032059,,,,,,,,,,,,,,School,false
zcrm_361303000001881135,Ban Mae Jo,,,,,,zcrm_361303000000269001,zcrm_361303000000269001,zcrm_361303000000269001,2022-07-25 11:02:46,2022-07-25 11:02:46,,,,,,,,,zcrm_361303000000032059,,,,,,,,,,,,,,School,false
zcrm_361303000001881136,Ban Mae Keed,,,,,,zcrm_361303000000269001,zcrm_361303000000269001,zcrm_361303000000269001,2022-07-25 11:02:46,2022-07-25 11:02:46,,,,,,,,,zcrm_361303000000032059,,,,,,,,,,,,,,School,false
zcrm_361303000001881137,Ban Mae Khae Noi,,,,,,zcrm_361303000000269001,zcrm_361303000000269001,zcrm_361303000000269001,2022-07-25 11:02:46,2022-07-25 11:02:46,,,,,,,,,zcrm_361303000000032059,,,,,,,,,,,,,,School,false
zcrm_361303000001881138,Ban Mae Kwang Nua,,,,,,zcrm_361303000000269001,zcrm_361303000000269001,zcrm_361303000000269001,2022-07-25 11:02:46,2022-07-25 11:02:46,,,,,,,,,zcrm_361303000000032059,,,,,,,,,,,,,,School,false
zcrm_361303000001881139,Ban Mae La Ka,,,,,,zcrm_361303000000269001,zcrm_361303000000269001,zcrm_361303000000269001,2022-07-25 11:02:46,2022-07-25 11:02:46,,,,,,,,,zcrm_361303000000032059,,,,,,,,,,,,,,School,false
zcrm_361303000001881140,Ban Mae La Luang,,,,,,zcrm_361303000000269001,zcrm_361303000000269001,zcrm_361303000000269001,2022-07-25 11:02:46,2022-07-25 11:02:46,,,,,,,,,zcrm_361303000000032059,,,,,,,,,,,,,,School,false
zcrm_361303000001881141,Ban Mae Lamong Tai,,,,,,zcrm_361303000000269001,zcrm_361303000000269001,zcrm_361303000000269001,2022-07-25 11:02:46,2022-07-25 11:02:46,,,,,,,,,zcrm_361303000000032059,,,,,,,,,,,,,,School,false
zcrm_361303000001881142,Ban Mae Ler,,,,,,zcrm_361303000000269001,zcrm_361303000000269001,zcrm_361303000000269001,2022-07-25 11:02:46,2022-07-25 11:02:46,,,,,,,,,zcrm_361303000000032059,,,,,,,,,,,,,,School,false
zcrm_361303000001881143,Ban Mae Lid- Luang,,,,,,zcrm_361303000000269001,zcrm_361303000000269001,zcrm_361303000000269001,2022-07-25 11:02:46,2022-07-25 11:02:46,,,,,,,,,zcrm_361303000000032059,,,,,,,,,,,,,,School,false
zcrm_361303000001881144,Ban Mae Lid School,,,,,,zcrm_361303000000269001,zcrm_361303000000269001,zcrm_361303000000269001,2022-07-25 11:02:46,2022-07-25 11:02:46,,,,,,,,,zcrm_361303000000032059,,,,,,,,,,,,,,School,false
zcrm_361303000001881145,Ban Mae Na Chon,,,,,,zcrm_361303000000269001,zcrm_361303000000269001,zcrm_361303000000269001,2022-07-25 11:02:46,2022-07-25 11:02:46,,,,,,,,,zcrm_361303000000032059,,,,,,,,,,,,,,School,false
zcrm_361303000001881146,Ban Mae Na Jang Nua,,,,,,zcrm_361303000000269001,zcrm_361303000000269001,zcrm_361303000000269001,2022-07-25 11:02:46,2022-07-25 11:02:46,,,,,,,,,zcrm_361303000000032059,,,,,,,,,,,,,,School,false
zcrm_361303000001881147,Ban Mae Na Jon,,,,,,zcrm_361303000000269001,zcrm_361303000000269001,zcrm_361303000000269001,2022-07-25 11:02:46,2022-07-25 11:02:46,,,,,,,,,zcrm_361303000000032059,,,,,,,,,,,,,,School,false
zcrm_361303000001881148,Ban Mae Pang Nok,,,,,,zcrm_361303000000269001,zcrm_361303000000269001,zcrm_361303000000269001,2022-07-25 11:02:46,2022-07-25 11:02:46,,,,,,,,,zcrm_361303000000032059,,,,,,,,,,,,,,School,false
zcrm_361303000001881149,Ban Mae Rid Luang,,,,,,zcrm_361303000000269001,zcrm_361303000000269001,zcrm_361303000000269001,2022-07-25 11:02:46,2022-07-25 11:02:46,,,,,,,,,zcrm_361303000000032059,,,,,,,,,,,,,,School,false
zcrm_361303000001881150,Ban Mae Sa Pueng Tai,,,,,,zcrm_361303000000269001,zcrm_361303000000269001,zcrm_361303000000269001,2022-07-25 11:02:46,2022-07-25 11:02:46,,,,,,,,,zcrm_361303000000032059,,,,,,,,,,,,,,School,false
zcrm_361303000001881151,Ban Mae Sapae Nua,,,,,,zcrm_361303000000269001,zcrm_361303000000269001,zcrm_361303000000269001,2022-07-25 11:02:46,2022-07-25 11:02:46,,,,,,,,,zcrm_361303000000032059,,,,,,,,,,,,,,School,false
zcrm_361303000001881152,Ban Mae Su,,,,,,zcrm_361303000000269001,zcrm_361303000000269001,zcrm_361303000000269001,2022-07-25 11:02:46,2022-07-25 11:02:46,,,,,,,,,zcrm_361303000000032059,,,,,,,,,,,,,,School,false
zcrm_361303000001881153,Ban Mae Tho Klang,,,,,,zcrm_361303000000269001,zcrm_361303000000269001,zcrm_361303000000269001,2022-07-25 11:02:46,2022-07-25 11:02:46,,,,,,,,,zcrm_361303000000032059,,,,,,,,,,,,,,School,false
zcrm_361303000001881154,Ban Mae To and Ban Oom Pai Nua,,,,,,zcrm_361303000000269001,zcrm_361303000000269001,zcrm_361303000000269001,2022-07-25 11:02:46,2022-07-25 11:02:46,,,,,,,,,zcrm_361303000000032059,,,,,,,,,,,,,,School,false
zcrm_361303000001881155,Ban Mae Yod School,,,,,,zcrm_361303000000269001,zcrm_361303000000269001,zcrm_361303000000269001,2022-07-25 11:02:46,2022-07-25 11:02:46,,,,,,,,,zcrm_361303000000032059,,,,,,,,,,,,,,School,false
zcrm_361303000001881156,Ban Mueng Pong,,,,,,zcrm_361303000000269001,zcrm_361303000000269001,zcrm_361303000000269001,2022-07-25 11:02:46,2022-07-25 11:02:46,,,,,,,,,zcrm_361303000000032059,,,,,,,,,,,,,,School,false
zcrm_361303000001881157,Ban Na ngiu,,,,,,zcrm_361303000000269001,zcrm_361303000000269001,zcrm_361303000000269001,2022-07-25 11:02:46,2022-07-25 11:02:46,,,,,,,,,zcrm_361303000000032059,,,,,,,,,,,,,,School,false
zcrm_361303000001881158,Ban Nam Som,,,,,,zcrm_361303000000269001,zcrm_361303000000269001,zcrm_361303000000269001,2022-07-25 11:02:46,2022-07-25 11:02:46,,,,,,,,,zcrm_361303000000032059,,,,,,,,,,,,,,School,false
zcrm_361303000001881159,Ban Nong Khiew School,,,,,,zcrm_361303000000269001,zcrm_361303000000269001,zcrm_361303000000269001,2022-07-25 11:02:46,2022-07-25 11:02:46,,,,,,,,,zcrm_361303000000032059,,,,,,,,,,,,,,School,false
zcrm_361303000001881160,Ban Nong Mae La,,,,,,zcrm_361303000000269001,zcrm_361303000000269001,zcrm_361303000000269001,2022-07-25 11:02:46,2022-07-25 11:02:46,,,,,,,,,zcrm_361303000000032059,,,,,,,,,,,,,,School,false
zcrm_361303000001881161,Ban Nong Muam School,,,,,,zcrm_361303000000269001,zcrm_361303000000269001,zcrm_361303000000269001,2022-07-25 11:02:46,2022-07-25 11:02:46,,,,,,,,,zcrm_361303000000032059,,,,,,,,,,,,,,School,false
zcrm_361303000001881162,Ban Nonghaeng,,,,,,zcrm_361303000000269001,zcrm_361303000000269001,zcrm_361303000000269001,2022-07-25 11:02:46,2022-07-25 11:02:46,,,,,,,,,zcrm_361303000000032059,,,,,,,,,,,,,,School,false
zcrm_361303000001881163,Ban Omlarn,,,,,,zcrm_361303000000269001,zcrm_361303000000269001,zcrm_361303000000269001,2022-07-25 11:02:46,2022-07-25 11:02:46,,,,,,,,,zcrm_361303000000032059,,,,,,,,,,,,,,School,false
zcrm_361303000001881164,Ban Pa La Pi Tai,,,,,,zcrm_361303000000269001,zcrm_361303000000269001,zcrm_361303000000269001,2022-07-25 11:02:46,2022-07-25 11:02:46,,,,,,,,,zcrm_361303000000032059,,,,,,,,,,,,,,School,false
zcrm_361303000001881165,Ban Pa Larn,,,,,,zcrm_361303000000269001,zcrm_361303000000269001,zcrm_361303000000269001,2022-07-25 11:02:46,2022-07-25 11:02:46,,,,,,,,,zcrm_361303000000032059,,,,,,,,,,,,,,School,false
zcrm_361303000001881166,Ban Pa Pong Tan,,,,,,zcrm_361303000000269001,zcrm_361303000000269001,zcrm_361303000000269001,2022-07-25 11:02:46,2022-07-25 11:02:46,,,,,,,,,zcrm_361303000000032059,,,,,,,,,,,,,,School,false
zcrm_361303000001881167,Ban Pang Tong,,,,,,zcrm_361303000000269001,zcrm_361303000000269001,zcrm_361303000000269001,2022-07-25 11:02:46,2022-07-25 11:02:46,,,,,,,,,zcrm_361303000000032059,,,,,,,,,,,,,,School,false
zcrm_361303000001881168,Ban Paphae,,,,,,zcrm_361303000000269001,zcrm_361303000000269001,zcrm_361303000000269001,2022-07-25 11:02:46,2022-07-25 11:02:46,,,,,,,,,zcrm_361303000000032059,,,,,,,,,,,,,,School,false
zcrm_361303000001881169,Ban Paw Naw Khi,,,,,,zcrm_361303000000269001,zcrm_361303000000269001,zcrm_361303000000269001,2022-07-25 11:02:46,2022-07-25 11:02:46,,,,,,,,,zcrm_361303000000032059,,,,,,,,,,,,,,School,false
zcrm_361303000001881170,Ban Paw Saw School,,,,,,zcrm_361303000000269001,zcrm_361303000000269001,zcrm_361303000000269001,2022-07-25 11:02:46,2022-07-25 11:02:46,,,,,,,,,zcrm_361303000000032059,,,,,,,,,,,,,,School,false
zcrm_361303000001881171,Ban Pha Aeh Doo,,,,,,zcrm_361303000000269001,zcrm_361303000000269001,zcrm_361303000000269001,2022-07-25 11:02:46,2022-07-25 11:02:46,,,,,,,,,zcrm_361303000000032059,,,,,,,,,,,,,,School,false
zcrm_361303000001881172,Ban Pha Dang Nua,,,,,,zcrm_361303000000269001,zcrm_361303000000269001,zcrm_361303000000269001,2022-07-25 11:02:46,2022-07-25 11:02:46,,,,,,,,,zcrm_361303000000032059,,,,,,,,,,,,,,School,false
zcrm_361303000001881173,Ban Prabart Huay Phueng,,,,,,zcrm_361303000000269001,zcrm_361303000000269001,zcrm_361303000000269001,2022-07-25 11:02:46,2022-07-25 11:02:46,,,,,,,,,zcrm_361303000000032059,,,,,,,,,,,,,,School,false
zcrm_361303000001881174,Ban Sad Huay Na,,,,,,zcrm_361303000000269001,zcrm_361303000000269001,zcrm_361303000000269001,2022-07-25 11:02:46,2022-07-25 11:02:46,,,,,,,,,zcrm_361303000000032059,,,,,,,,,,,,,,School,false
zcrm_361303000001881175,Ban Sam Laeb,,,,,,zcrm_361303000000269001,zcrm_361303000000269001,zcrm_361303000000269001,2022-07-25 11:02:46,2022-07-25 11:02:46,,,,,,,,,zcrm_361303000000032059,,,,,,,,,,,,,,District,false
zcrm_361303000001881176,Ban Siwader,,,,,,zcrm_361303000000269001,zcrm_361303000000269001,zcrm_361303000000269001,2022-07-25 11:02:46,2022-07-25 11:02:46,,,,,,,,,zcrm_361303000000032059,,,,,,,,,,,,,,School,false
zcrm_361303000001881177,Ban Tha Song Khwae,,,,,,zcrm_361303000000269001,zcrm_361303000000269001,zcrm_361303000000269001,2022-07-25 11:02:46,2022-07-25 11:02:46,,,,,,,,,zcrm_361303000000032059,,,,,,,,,,,,,,School,false
zcrm_361303000001881178,Ban Wa No,,,,,,zcrm_361303000000269001,zcrm_361303000000269001,zcrm_361303000000269001,2022-07-25 11:02:46,2022-07-25 11:02:46,,,,,,,,,zcrm_361303000000032059,,,,,,,,,,,,,,School,false
zcrm_361303000001881179,Ban Wa Thoo,,,,,,zcrm_361303000000269001,zcrm_361303000000269001,zcrm_361303000000269001,2022-07-25 11:02:46,2022-07-25 11:02:46,,,,,,,,,zcrm_361303000000032059,,,,,,,,,,,,,,School,false
zcrm_361303000001881180,Bangkok Rarmkumhang Uni,,,,,,zcrm_361303000000269001,zcrm_361303000000269001,zcrm_361303000000269001,2022-07-25 11:02:46,2022-07-25 11:02:46,,,,,,,,,zcrm_361303000000032059,,,,,,,,,,,,,,School,false
zcrm_361303000001881181,Boromarajonani Collage of Nursing Payao,,,,,,zcrm_361303000000269001,zcrm_361303000000269001,zcrm_361303000000269001,2022-07-25 11:02:46,2022-07-25 11:02:46,,,,,,,,,zcrm_361303000000032059,,,,,,,,,,,,,,School,false
zcrm_361303000001881182,Buripat Suksa Mae Sariang,,,,,,zcrm_361303000000269001,zcrm_361303000000269001,zcrm_361303000000269001,2022-07-25 11:02:46,2022-07-25 11:02:46,,,,,,,,,zcrm_361303000000032059,,,,,,,,,,,,,,School,false
zcrm_361303000001881183,Chaem Luang,,,,,,zcrm_361303000000269001,zcrm_361303000000269001,zcrm_361303000000269001,2022-07-25 11:02:46,2022-07-25 11:02:46,,,,,,,,,zcrm_361303000000032059,,,,,,,,,,,,,,School,false
zcrm_361303000001881184,Chaiang Mai Commercial Collge,,,,,,zcrm_361303000000269001,zcrm_361303000000269001,zcrm_361303000000269001,2022-07-25 11:02:46,2022-07-25 11:02:46,,,,,,,,,zcrm_361303000000032059,,,,,,,,,,,,,,School,false
zcrm_361303000001881185,Chaing Mai University,,,,,,zcrm_361303000000269001,zcrm_361303000000269001,zcrm_361303000000269001,2022-07-25 11:02:46,2022-07-25 11:02:46,,,,,,,,,zcrm_361303000000032059,,,,,,,,,,,,,,School,false
zcrm_361303000001881186,Chiang Mai College of Agriculture and Technology,,,,,,zcrm_361303000000269001,zcrm_361303000000269001,zcrm_361303000000269001,2022-07-25 11:02:46,2022-07-25 11:02:46,,,,,,,,,zcrm_361303000000032059,,,,,,,,,,,,,,School,false
zcrm_361303000001881187,Chiang Mai Sanapatong College,,,,,,zcrm_361303000000269001,zcrm_361303000000269001,zcrm_361303000000269001,2022-07-25 11:02:46,2022-07-25 11:02:46,,,,,,,,,zcrm_361303000000032059,,,,,,,,,,,,,,School,false
zcrm_361303000001881188,Don Bosco Technical School Bang KoK,,,,,,zcrm_361303000000269001,zcrm_361303000000269001,zcrm_361303000000269001,2022-07-25 11:02:46,2022-07-25 11:02:46,,,,,,,,,zcrm_361303000000032059,,,,,,,,,,,,,,School,false
zcrm_361303000001881189,HCTC,,,,,,zcrm_361303000000269001,zcrm_361303000000269001,zcrm_361303000000269001,2022-07-25 11:02:46,2022-07-25 11:02:46,,,,,,,,,zcrm_361303000000032059,,,,,,,,,,,,,,School,false
zcrm_361303000001881190,Hua Mae Surin,,,,,,zcrm_361303000000269001,zcrm_361303000000269001,zcrm_361303000000269001,2022-07-25 11:02:46,2022-07-25 11:02:46,,,,,,,,,zcrm_361303000000032059,,,,,,,,,,,,,,School,false
zcrm_361303000001881191,Huay Pong,,,,,,zcrm_361303000000269001,zcrm_361303000000269001,zcrm_361303000000269001,2022-07-25 11:02:46,2022-07-25 11:02:46,,,,,,,,,zcrm_361303000000032059,,,,,,,,,,,,,,District,false
zcrm_361303000001881192,Huay Poo Ling,,,,,,zcrm_361303000000269001,zcrm_361303000000269001,zcrm_361303000000269001,2022-07-25 11:02:46,2022-07-25 11:02:46,,,,,,,,,zcrm_361303000000032059,,,,,,,,,,,,,,District,false
zcrm_361303000001881193,In the village,,,,,,zcrm_361303000000269001,zcrm_361303000000269001,zcrm_361303000000269001,2022-07-25 11:02:46,2022-07-25 11:02:46,,,,,,,,,zcrm_361303000000032059,,,,,,,,,,,,,,School,false
zcrm_361303000001881194,Kampaengpet rachaphat uni,,,,,,zcrm_361303000000269001,zcrm_361303000000269001,zcrm_361303000000269001,2022-07-25 11:02:46,2022-07-25 11:02:46,,,,,,,,,zcrm_361303000000032059,,,,,,,,,,,,,,School,false
zcrm_361303000001881195,Kanlaya Niwattana,,,,,,zcrm_361303000000269001,zcrm_361303000000269001,zcrm_361303000000269001,2022-07-25 11:02:46,2022-07-25 11:02:46,,,,,,,,,zcrm_361303000000032059,,,,,,,,,,,,,,Town,false
zcrm_361303000001881196,Korkha Vocational Coollege Lampang,,,,,,zcrm_361303000000269001,zcrm_361303000000269001,zcrm_361303000000269001,2022-07-25 11:02:46,2022-07-25 11:02:46,,,,,,,,,zcrm_361303000000032059,,,,,,,,,,,,,,School,false
zcrm_361303000001881197,Ladkrabang University ( Bangkok ),,,,,,zcrm_361303000000269001,zcrm_361303000000269001,zcrm_361303000000269001,2022-07-25 11:02:46,2022-07-25 11:02:46,,,,,,,,,zcrm_361303000000032059,,,,,,,,,,,,,,School,false
zcrm_361303000001881198,Lam Phun Technology College,,,,,,zcrm_361303000000269001,zcrm_361303000000269001,zcrm_361303000000269001,2022-07-25 11:02:46,2022-07-25 11:02:46,,,,,,,,,zcrm_361303000000032059,,,,,,,,,,,,,,School,false
zcrm_361303000001881199,Lampang College,,,,,,zcrm_361303000000269001,zcrm_361303000000269001,zcrm_361303000000269001,2022-07-25 11:02:46,2022-07-25 11:02:46,,,,,,,,,zcrm_361303000000032059,,,,,,,,,,,,,,School,false
zcrm_361303000001881200,Long Phae Wittaya,,,,,,zcrm_361303000000269001,zcrm_361303000000269001,zcrm_361303000000269001,2022-07-25 11:02:46,2022-07-25 11:02:46,,,,,,,,,zcrm_361303000000032059,,,,,,,,,,,,,,School,false
zcrm_361303000001881201,Lopburi Coll of Agriculture & Tech,,,,,,zcrm_361303000000269001,zcrm_361303000000269001,zcrm_361303000000269001,2022-07-25 11:02:46,2022-07-25 11:02:46,,,,,,,,,zcrm_361303000000032059,,,,,,,,,,,,,,School,false
zcrm_361303000001881202,Ma La Noi,,,,,,zcrm_361303000000269001,zcrm_361303000000269001,zcrm_361303000000269001,2022-07-25 11:02:46,2022-07-25 11:02:46,,,,,,,,,zcrm_361303000000032059,,,,,,,,,,,,,,District,false
zcrm_361303000001881203,Mae Chaem Wittaya Khom,,,,,,zcrm_361303000000269001,zcrm_361303000000269001,zcrm_361303000000269001,2022-07-25 11:02:46,2022-07-25 11:02:46,,,,,,,,,zcrm_361303000000032059,,,,,,,,,,,,,,School,false
zcrm_361303000001881204,Mae Ho,,,,,,zcrm_361303000000269001,zcrm_361303000000269001,zcrm_361303000000269001,2022-07-25 11:02:46,2022-07-25 11:02:46,,,,,,,,,zcrm_361303000000032059,,,,,,,,,,,,,,District,false
zcrm_361303000001881207,Mae Jo University,,,,,,zcrm_361303000000269001,zcrm_361303000000269001,zcrm_361303000000269001,2022-07-25 11:02:46,2022-07-25 11:02:46,,,,,,,,,zcrm_361303000000032059,,,,,,,,,,,,,,School,false
zcrm_361303000001881208,Mae Khong,,,,,,zcrm_361303000000269001,zcrm_361303000000269001,zcrm_361303000000269001,2022-07-25 11:02:46,2022-07-25 11:02:46,,,,,,,,,zcrm_361303000000032059,,,,,,,,,,,,,,District,false
zcrm_361303000001881209,Mae Ki,,,,,,zcrm_361303000000269001,zcrm_361303000000269001,zcrm_361303000000269001,2022-07-25 11:02:46,2022-07-25 11:02:46,,,,,,,,,zcrm_361303000000032059,,,,,,,,,,,,,,District,false
zcrm_361303000001881210,Mae La Luang,,,,,,zcrm_361303000000269001,zcrm_361303000000269001,zcrm_361303000000269001,2022-07-25 11:02:46,2022-07-25 11:02:46,,,,,,,,,zcrm_361303000000032059,,,,,,,,,,,,,,School,false
zcrm_361303000001881211,Mae Na Chon,,,,,,zcrm_361303000000269001,zcrm_361303000000269001,zcrm_361303000000269001,2022-07-25 11:02:46,2022-07-25 11:02:46,,,,,,,,,zcrm_361303000000032059,,,,,,,,,,,,,,District,false
zcrm_361303000001881212,Mae Ngao,,,,,,zcrm_361303000000269001,zcrm_361303000000269001,zcrm_361303000000269001,2022-07-25 11:02:46,2022-07-25 11:02:46,,,,,,,,,zcrm_361303000000032059,,,,,,,,,,,,,,District,false
zcrm_361303000001881213,Mae Oo Khor,,,,,,zcrm_361303000000269001,zcrm_361303000000269001,zcrm_361303000000269001,2022-07-25 11:02:46,2022-07-25 11:02:46,,,,,,,,,zcrm_361303000000032059,,,,,,,,,,,,,,District,false
zcrm_361303000001881214,Mae Sa Laep,,,,,,zcrm_361303000000269001,zcrm_361303000000269001,zcrm_361303000000269001,2022-07-25 11:02:46,2022-07-25 11:02:46,,,,,,,,,zcrm_361303000000032059,,,,,,,,,,,,,,District,false
zcrm_361303000001881215,Mae Sam Laeb,,,,,,zcrm_361303000000269001,zcrm_361303000000269001,zcrm_361303000000269001,2022-07-25 11:02:46,2022-07-25 11:02:46,,,,,,,,,zcrm_361303000000032059,,,,,,,,,,,,,,District,false
zcrm_361303000001881217,Mae Sariang Industrial And Community Education College,,,,,,zcrm_361303000000269001,zcrm_361303000000269001,zcrm_361303000000269001,2022-07-25 11:02:46,2022-07-25 11:02:46,,,,,,,,,zcrm_361303000000032059,,,,,,,,,,,,,,School,false
zcrm_361303000001881219,Mae Suad,,,,,,zcrm_361303000000269001,zcrm_361303000000269001,zcrm_361303000000269001,2022-07-25 11:02:46,2022-07-25 11:02:46,,,,,,,,,zcrm_361303000000032059,,,,,,,,,,,,,,District,false
zcrm_361303000001881220,Mae Suek,,,,,,zcrm_361303000000269001,zcrm_361303000000269001,zcrm_361303000000269001,2022-07-25 11:02:46,2022-07-25 11:02:46,,,,,,,,,zcrm_361303000000032059,,,,,,,,,,,,,,District,false
zcrm_361303000001881221,Mae Suk,,,,,,zcrm_361303000000269001,zcrm_361303000000269001,zcrm_361303000000269001,2022-07-25 11:02:46,2022-07-25 11:02:46,,,,,,,,,zcrm_361303000000032059,,,,,,,,,,,,,,District,false
zcrm_361303000001881222,Mae Tho,,,,,,zcrm_361303000000269001,zcrm_361303000000269001,zcrm_361303000000269001,2022-07-25 11:02:46,2022-07-25 11:02:46,,,,,,,,,zcrm_361303000000032059,,,,,,,,,,,,,,District,false
zcrm_361303000001881223,Mae Yuam Noi,,,,,,zcrm_361303000000269001,zcrm_361303000000269001,zcrm_361303000000269001,2022-07-25 11:02:46,2022-07-25 11:02:46,,,,,,,,,zcrm_361303000000032059,,,,,,,,,,,,,,District,false
zcrm_361303000001881224,"Naresuan Phayao Uni,",,,,,,zcrm_361303000000269001,zcrm_361303000000269001,zcrm_361303000000269001,2022-07-25 11:02:46,2022-07-25 11:02:46,,,,,,,,,zcrm_361303000000032059,,,,,,,,,,,,,,School,false
zcrm_361303000001881225,Nawamin Mae Hong Son,,,,,,zcrm_361303000000269001,zcrm_361303000000269001,zcrm_361303000000269001,2022-07-25 11:02:46,2022-07-25 11:02:46,,,,,,,,,zcrm_361303000000032059,,,,,,,,,,,,,,School,false
zcrm_361303000001881226,Pa Bong,,,,,,zcrm_361303000000269001,zcrm_361303000000269001,zcrm_361303000000269001,2022-07-25 11:02:46,2022-07-25 11:02:46,,,,,,,,,zcrm_361303000000032059,,,,,,,,,,,,,,District,false
zcrm_361303000001881227,Pa Pae,,,,,,zcrm_361303000000269001,zcrm_361303000000269001,zcrm_361303000000269001,2022-07-25 11:02:46,2022-07-25 11:02:46,,,,,,,,,zcrm_361303000000032059,,,,,,,,,,,,,,District,false
zcrm_361303000001881228,Pa Phae,,,,,,zcrm_361303000000269001,zcrm_361303000000269001,zcrm_361303000000269001,2022-07-25 11:02:46,2022-07-25 11:02:46,,,,,,,,,zcrm_361303000000032059,,,,,,,,,,,,,,District,false
zcrm_361303000001881229,Pa Pong,,,,,,zcrm_361303000000269001,zcrm_361303000000269001,zcrm_361303000000269001,2022-07-25 11:02:46,2022-07-25 11:02:46,,,,,,,,,zcrm_361303000000032059,,,,,,,,,,,,,,District,false
zcrm_361303000001881230,Pai,,,,,,zcrm_361303000000269001,zcrm_361303000000269001,zcrm_361303000000269001,2022-07-25 11:02:46,2022-07-25 11:02:46,,,,,,,,,zcrm_361303000000032059,,,,,,,,,,,,,,Town,false
zcrm_361303000001881231,Pang Ma Pa,,,,,,zcrm_361303000000269001,zcrm_361303000000269001,zcrm_361303000000269001,2022-07-25 11:02:46,2022-07-25 11:02:46,,,,,,,,,zcrm_361303000000032059,,,,,,,,,,,,,,Town,false
zcrm_361303000001881232,Payap University,,,,,,zcrm_361303000000269001,zcrm_361303000000269001,zcrm_361303000000269001,2022-07-25 11:02:46,2022-07-25 11:02:46,,,,,,,,,zcrm_361303000000032059,,,,,,,,,,,,,,School,false
zcrm_361303000001881233,Pha Bong,,,,,,zcrm_361303000000269001,zcrm_361303000000269001,zcrm_361303000000269001,2022-07-25 11:02:46,2022-07-25 11:02:46,,,,,,,,,zcrm_361303000000032059,,,,,,,,,,,,,,District,false
zcrm_361303000001881234,Pibulssonggkram Pisanoolok University,,,,,,zcrm_361303000000269001,zcrm_361303000000269001,zcrm_361303000000269001,2022-07-25 11:02:46,2022-07-25 11:02:46,,,,,,,,,zcrm_361303000000032059,,,,,,,,,,,,,,School,false
zcrm_361303000001881235,Rachaphat Lampang University,,,,,,zcrm_361303000000269001,zcrm_361303000000269001,zcrm_361303000000269001,2022-07-25 11:02:46,2022-07-25 11:02:46,,,,,,,,,zcrm_361303000000032059,,,,,,,,,,,,,,School,false
zcrm_361303000001881237,Rajaphat Suandusit,,,,,,zcrm_361303000000269001,zcrm_361303000000269001,zcrm_361303000000269001,2022-07-25 11:02:46,2022-07-25 11:02:46,,,,,,,,,zcrm_361303000000032059,,,,,,,,,,,,,,School,false
zcrm_361303000001881238,Rajaphat Udon Tha Nee University,,,,,,zcrm_361303000000269001,zcrm_361303000000269001,zcrm_361303000000269001,2022-07-25 11:02:46,2022-07-25 11:02:46,,,,,,,,,zcrm_361303000000032059,,,,,,,,,,,,,,School,false
zcrm_361303000001881239,Ramkhamhaeng University Bangkok,,,,,,zcrm_361303000000269001,zcrm_361303000000269001,zcrm_361303000000269001,2022-07-25 11:02:46,2022-07-25 11:02:46,,,,,,,,,zcrm_361303000000032059,,,,,,,,,,,,,,School,false
zcrm_361303000001881240,Rat Pra Cha,,,,,,zcrm_361303000000269001,zcrm_361303000000269001,zcrm_361303000000269001,2022-07-25 11:02:46,2022-07-25 11:02:46,,,,,,,,,zcrm_361303000000032059,,,,,,,,,,,,,,School,false
zcrm_361303000001881241,Rattana,,,,,,zcrm_361303000000269001,zcrm_361303000000269001,zcrm_361303000000269001,2022-07-25 11:02:46,2022-07-25 11:02:46,,,,,,,,,zcrm_361303000000032059,,,,,,,,,,,,,,School,false
zcrm_361303000001881243,Sa La Jiang Tong School,,,,,,zcrm_361303000000269001,zcrm_361303000000269001,zcrm_361303000000269001,2022-07-25 11:02:46,2022-07-25 11:02:46,,,,,,,,,zcrm_361303000000032059,,,,,,,,,,,,,,School,false
zcrm_361303000001881244,Sahamith School,,,,,,zcrm_361303000000269001,zcrm_361303000000269001,zcrm_361303000000269001,2022-07-25 11:02:46,2022-07-25 11:02:46,,,,,,,,,zcrm_361303000000032059,,,,,,,,,,,,,,School,false
zcrm_361303000001881245,Samakkee School,,,,,,zcrm_361303000000269001,zcrm_361303000000269001,zcrm_361303000000269001,2022-07-25 11:02:46,2022-07-25 11:02:46,,,,,,,,,zcrm_361303000000032059,,,,,,,,,,,,,,School,false
zcrm_361303000001881246,Sanpatong vocational college,,,,,,zcrm_361303000000269001,zcrm_361303000000269001,zcrm_361303000000269001,2022-07-25 11:02:46,2022-07-25 11:02:46,,,,,,,,,zcrm_361303000000032059,,,,,,,,,,,,,,School,false
zcrm_361303000001881247,Santi Khee Ree,,,,,,zcrm_361303000000269001,zcrm_361303000000269001,zcrm_361303000000269001,2022-07-25 11:02:46,2022-07-25 11:02:46,,,,,,,,,zcrm_361303000000032059,,,,,,,,,,,,,,District,false
zcrm_361303000001881248,Sao Hin,,,,,,zcrm_361303000000269001,zcrm_361303000000269001,zcrm_361303000000269001,2022-07-25 11:02:46,2022-07-25 11:02:46,,,,,,,,,zcrm_361303000000032059,,,,,,,,,,,,,,District,false
zcrm_361303000001881249,Seree Wittaya,,,,,,zcrm_361303000000269001,zcrm_361303000000269001,zcrm_361303000000269001,2022-07-25 11:02:46,2022-07-25 11:02:46,,,,,,,,,zcrm_361303000000032059,,,,,,,,,,,,,,School,false
zcrm_361303000001881251,Sri Sang Wan,,,,,,zcrm_361303000000269001,zcrm_361303000000269001,zcrm_361303000000269001,2022-07-25 11:02:46,2022-07-25 11:02:46,,,,,,,,,zcrm_361303000000032059,,,,,,,,,,,,,,School,false
zcrm_361303000001881252,Srinakharinwirot University Bang KoK,,,,,,zcrm_361303000000269001,zcrm_361303000000269001,zcrm_361303000000269001,2022-07-25 11:02:46,2022-07-25 11:02:46,,,,,,,,,zcrm_361303000000032059,,,,,,,,,,,,,,School,false
zcrm_361303000001881253,Suk Sasong Krow Mae Hong Son,,,,,,zcrm_361303000000269001,zcrm_361303000000269001,zcrm_361303000000269001,2022-07-25 11:02:46,2022-07-25 11:02:46,,,,,,,,,zcrm_361303000000032059,,,,,,,,,,,,,,School,false
zcrm_361303000001881254,Sun Ti khee Ree,,,,,,zcrm_361303000000269001,zcrm_361303000000269001,zcrm_361303000000269001,2022-07-25 11:02:46,2022-07-25 11:02:46,,,,,,,,,zcrm_361303000000032059,,,,,,,,,,,,,,District,false
zcrm_361303000001881255,Sutranari University,,,,,,zcrm_361303000000269001,zcrm_361303000000269001,zcrm_361303000000269001,2022-07-25 11:02:46,2022-07-27 08:29:10,,,,,,,,,zcrm_361303000000032059,,,2022-07-27 08:29:10,,,,,,,,,,,School,false
zcrm_361303000001881256,Technology Loburi Vocational college,,,,,,zcrm_361303000000269001,zcrm_361303000000269001,zcrm_361303000000269001,2022-07-25 11:02:46,2022-07-27 08:29:30,,,,,,,,,zcrm_361303000000032059,,,2022-07-27 08:29:30,,,,,,,,,,,School,false
zcrm_361303000001881257,Tha Pha Pum,,,,,,zcrm_361303000000269001,zcrm_361303000000269001,zcrm_361303000000269001,2022-07-25 11:02:46,2022-07-25 11:02:46,,,,,,,,,zcrm_361303000000032059,,,,,,,,,,,,,,District,false
zcrm_361303000001881258,Thoen Teachnology Commercail college,,,,,,zcrm_361303000000269001,zcrm_361303000000269001,zcrm_361303000000269001,2022-07-25 11:02:46,2022-07-25 11:02:46,,,,,,,,,zcrm_361303000000032059,,,,,,,,,,,,,,School,false
zcrm_361303000001881259,Walailongkorn Rajaphat Uni,,,,,,zcrm_361303000000269001,zcrm_361303000000269001,zcrm_361303000000269001,2022-07-25 11:02:46,2022-07-25 11:02:46,,,,,,,,,zcrm_361303000000032059,,,,,,,,,,,,,,School,false
zcrm_361303000001881260,Wat Chan,,,,,,zcrm_361303000000269001,zcrm_361303000000269001,zcrm_361303000000269001,2022-07-25 11:02:46,2022-07-25 11:02:46,,,,,,,,,zcrm_361303000000032059,,,,,,,,,,,,,,School,false
zcrm_361303000001881261,Yonok University Lam Pang,,,,,,zcrm_361303000000269001,zcrm_361303000000269001,zcrm_361303000000269001,2022-07-25 11:02:46,2022-07-25 11:02:46,,,,,,,,,zcrm_361303000000032059,,,,,,,,,,,,,,School,false
zcrm_361303000002044145,Tha Song Yang,,,,,,zcrm_361303000000269001,zcrm_361303000000269001,zcrm_361303000000269001,2022-08-04 05:25:51,2022-08-04 05:25:51,,,,,,,,,zcrm_361303000000032059,,,,,,,,,,,,,,District,false
zcrm_361303000002409206,Ban Pang Ung,,,,,,zcrm_361303000000269001,zcrm_361303000000269001,zcrm_361303000000269001,2022-11-04 10:31:15,2022-11-04 10:31:15,,,,,,,,,,,,,,,,,,,,,,,School,false
zcrm_361303000002409231,Ban Pong Ung,,,,,,zcrm_361303000000269001,zcrm_361303000000269001,zcrm_361303000000269001,2022-11-04 10:33:22,2022-11-04 10:33:22,,,,,,,,,,,,,,,,,,,,,,,Town,false
zcrm_361303000002447347,Ban Mae La Ngew,,,,,,zcrm_361303000000269001,zcrm_361303000000269001,zcrm_361303000000269001,2022-11-18 14:20:19,2022-11-18 14:20:19,,,,,,,,,,,,,,,,,,,,,,,School,false
zcrm_361303000002929131,Ban Eh Vee Jo,,,,,,zcrm_361303000000269001,zcrm_361303000000269001,zcrm_361303000000269001,2023-05-03 11:53:37,2023-05-03 11:53:37,,,,,,,,,,,,,,,,,,,,,,,School,false
zcrm_361303000002929168,Khri Khee,,,,,,zcrm_361303000000269001,zcrm_361303000000269001,zcrm_361303000000269001,2023-05-03 14:17:45,2023-05-03 14:17:45,,,,,,,,,,,,,,,,,,,,,,,Town,false